time,TimerNodeTime,AltitudeSendTime,AltitudeRosSendTime,CurrentAltitude,CurrentAltitudeCentimeters,AltitudeReached,ServoCommanderSendTime,ServoCommanderRosSendTime,Joint1CommandPos,Joint1ActualPos,Joint2CommandPos,Joint2ActualPos,ServoJerkSendTime,ServoJerkRosSendTime,NumStrokes,JerkMessage,JerkRate,
0.20,0,starting,0,0,0,0,starting,0,0,0,0,0,starting,0,0,starting,0,
0.40,0,starting,0,0,0,0,starting,0,0,0,0,0,starting,0,0,starting,0,
0.60,0,starting,0,0,0,0,starting,0,0,0,0,0,starting,0,0,starting,0,
0.80,0,starting,0,0,0,0,starting,0,0,0,0,0,starting,0,0,starting,0,
1.00,0,starting,0,0,0,0,starting,0,0,0,0,0,starting,0,0,starting,0,
1.20,0,16-21:25:02,1.73179e+09,32290.2,984206,0,starting,0,0,0,0,0,starting,0,0,starting,0,
1.40,0,16-21:25:02,1.73179e+09,32290.2,984206,0,starting,0,0,0,0,0,starting,0,0,starting,0,
1.60,0,16-21:25:02,1.73179e+09,32290.2,984206,0,starting,0,0,0,0,0,starting,0,0,starting,0,
1.80,0,16-21:25:02,1.73179e+09,32290.2,984206,0,starting,0,0,0,0,0,starting,0,0,starting,0,
2.00,1,16-21:25:02,1.73179e+09,32290.2,984206,0,starting,0,0,0,0,0,16-21:25:03,0,2,Still jerking it (and by it I mean servos): ID-1, ,1,
2.20,1,16-21:25:03,1.73179e+09,32290.2,984206,0,starting,0,0,0,0,0,16-21:25:03,0,2,Still jerking it (and by it I mean servos): ID-1, ,1,
2.40,1,16-21:25:03,1.73179e+09,32290.2,984206,0,starting,0,0,0,0,0,16-21:25:03,0,2,Still jerking it (and by it I mean servos): ID-1, ,1,
2.60,1,16-21:25:03,1.73179e+09,32290.2,984206,0,starting,0,0,0,0,0,16-21:25:03,0,2,Still jerking it (and by it I mean servos): ID-1, ,1,
2.80,1,16-21:25:03,1.73179e+09,32290.2,984206,0,starting,0,0,0,0,0,16-21:25:03,0,2,Still jerking it (and by it I mean servos): ID-1, ,1,
3.00,2,16-21:25:03,1.73179e+09,32290.2,984206,0,starting,0,0,0,0,0,16-21:25:03,0,2,Still jerking it (and by it I mean servos): ID-1, ,1,
3.20,2,16-21:25:04,1.73179e+09,32290.2,984206,0,starting,0,0,0,0,0,16-21:25:03,0,2,Still jerking it (and by it I mean servos): ID-1, ,1,
3.40,2,16-21:25:04,1.73179e+09,32290.2,984206,0,starting,0,0,0,0,0,16-21:25:03,0,2,Still jerking it (and by it I mean servos): ID-1, ,1,
3.60,2,16-21:25:04,1.73179e+09,32290.2,984206,0,starting,0,0,0,0,0,16-21:25:03,0,2,Still jerking it (and by it I mean servos): ID-1, ,1,
3.80,2,16-21:25:04,1.73179e+09,32290.2,984206,0,starting,0,0,0,0,0,16-21:25:03,0,2,Still jerking it (and by it I mean servos): ID-1, ,1,
4.00,3,16-21:25:04,1.73179e+09,32290.2,984206,0,starting,0,0,0,0,0,16-21:25:05,0,4,Still jerking it (and by it I mean servos): ID-1, ,1,
4.20,3,16-21:25:05,1.73179e+09,32290.2,984206,0,starting,0,0,0,0,0,16-21:25:05,0,4,Still jerking it (and by it I mean servos): ID-1, ,1,
4.40,3,16-21:25:05,1.73179e+09,32290.2,984206,0,starting,0,0,0,0,0,16-21:25:05,0,4,Still jerking it (and by it I mean servos): ID-1, ,1,
4.60,3,16-21:25:05,1.73179e+09,32290.2,984206,0,starting,0,0,0,0,0,16-21:25:05,0,4,Still jerking it (and by it I mean servos): ID-1, ,1,
4.80,3,16-21:25:05,1.73179e+09,32290.2,984206,0,starting,0,0,0,0,0,16-21:25:05,0,4,Still jerking it (and by it I mean servos): ID-1, ,1,
5.00,4,16-21:25:05,1.73179e+09,32290.2,984206,0,starting,0,0,0,0,0,16-21:25:05,0,4,Still jerking it (and by it I mean servos): ID-1, ,1,
5.20,4,16-21:25:06,1.73179e+09,32290.2,984206,0,starting,0,0,0,0,0,16-21:25:05,0,4,Still jerking it (and by it I mean servos): ID-1, ,1,
5.40,4,16-21:25:06,1.73179e+09,32290.2,984206,0,starting,0,0,0,0,0,16-21:25:05,0,4,Still jerking it (and by it I mean servos): ID-1, ,1,
5.60,4,16-21:25:06,1.73179e+09,32290.2,984206,0,starting,0,0,0,0,0,16-21:25:05,0,4,Still jerking it (and by it I mean servos): ID-1, ,1,
5.80,4,16-21:25:06,1.73179e+09,32290.2,984206,0,starting,0,0,0,0,0,16-21:25:05,0,4,Still jerking it (and by it I mean servos): ID-1, ,1,
6.00,5,16-21:25:06,1.73179e+09,32290.2,984206,0,starting,0,0,0,0,0,16-21:25:07,0,6,Still jerking it (and by it I mean servos): ID-1, ,1,
6.20,5,16-21:25:07,1.73179e+09,32290.2,984206,0,starting,0,0,0,0,0,16-21:25:07,0,6,Still jerking it (and by it I mean servos): ID-1, ,1,
6.40,5,16-21:25:07,1.73179e+09,32290.2,984206,0,starting,0,0,0,0,0,16-21:25:07,0,6,Still jerking it (and by it I mean servos): ID-1, ,1,
6.60,5,16-21:25:07,1.73179e+09,32290.2,984206,0,starting,0,0,0,0,0,16-21:25:07,0,6,Still jerking it (and by it I mean servos): ID-1, ,1,
6.80,5,16-21:25:07,1.73179e+09,32290.2,984206,0,starting,0,0,0,0,0,16-21:25:07,0,6,Still jerking it (and by it I mean servos): ID-1, ,1,
7.00,6,16-21:25:07,1.73179e+09,32290.2,984206,0,starting,0,0,0,0,0,16-21:25:07,0,6,Still jerking it (and by it I mean servos): ID-1, ,1,
7.20,6,16-21:25:08,1.73179e+09,32290.2,984206,0,starting,0,0,0,0,0,16-21:25:07,0,6,Still jerking it (and by it I mean servos): ID-1, ,1,
7.40,6,16-21:25:08,1.73179e+09,32290.2,984206,0,starting,0,0,0,0,0,16-21:25:07,0,6,Still jerking it (and by it I mean servos): ID-1, ,1,
7.60,6,16-21:25:08,1.73179e+09,32290.2,984206,0,starting,0,0,0,0,0,16-21:25:07,0,6,Still jerking it (and by it I mean servos): ID-1, ,1,
7.80,6,16-21:25:08,1.73179e+09,32290.2,984206,0,starting,0,0,0,0,0,16-21:25:07,0,6,Still jerking it (and by it I mean servos): ID-1, ,1,
8.00,7,16-21:25:08,1.73179e+09,32290.2,984206,0,starting,0,0,0,0,0,16-21:25:09,0,8,Still jerking it (and by it I mean servos): ID-1, ,1,
8.20,7,16-21:25:09,1.73179e+09,32290.2,984206,0,starting,0,0,0,0,0,16-21:25:09,0,8,Still jerking it (and by it I mean servos): ID-1, ,1,
8.40,7,16-21:25:09,1.73179e+09,32290.2,984206,0,starting,0,0,0,0,0,16-21:25:09,0,8,Still jerking it (and by it I mean servos): ID-1, ,1,
8.60,7,16-21:25:09,1.73179e+09,32290.2,984206,0,starting,0,0,0,0,0,16-21:25:09,0,8,Still jerking it (and by it I mean servos): ID-1, ,1,
8.80,7,16-21:25:09,1.73179e+09,32290.2,984206,0,starting,0,0,0,0,0,16-21:25:09,0,8,Still jerking it (and by it I mean servos): ID-1, ,1,
9.00,8,16-21:25:09,1.73179e+09,32290.2,984206,0,starting,0,0,0,0,0,16-21:25:09,0,8,Still jerking it (and by it I mean servos): ID-1, ,1,
9.20,8,16-21:25:10,1.73179e+09,32290.2,984206,0,starting,0,0,0,0,0,16-21:25:09,0,8,Still jerking it (and by it I mean servos): ID-1, ,1,
9.40,8,16-21:25:10,1.73179e+09,32290.2,984206,0,starting,0,0,0,0,0,16-21:25:09,0,8,Still jerking it (and by it I mean servos): ID-1, ,1,
9.60,8,16-21:25:10,1.73179e+09,32290.2,984206,0,starting,0,0,0,0,0,16-21:25:09,0,8,Still jerking it (and by it I mean servos): ID-1, ,1,
9.80,8,16-21:25:10,1.73179e+09,32290.2,984206,0,starting,0,0,0,0,0,16-21:25:09,0,8,Still jerking it (and by it I mean servos): ID-1, ,1,
10.00,9,16-21:25:10,1.73179e+09,32290.2,984206,0,starting,0,0,0,0,0,16-21:25:11,0,10,Still jerking it (and by it I mean servos): ID-1, ,1,
10.20,9,16-21:25:11,1.73179e+09,32290.2,984206,0,starting,0,0,0,0,0,16-21:25:11,0,10,Still jerking it (and by it I mean servos): ID-1, ,1,
10.40,9,16-21:25:11,1.73179e+09,32290.2,984206,0,starting,0,0,0,0,0,16-21:25:11,0,10,Still jerking it (and by it I mean servos): ID-1, ,1,
0.20,0,starting,0,0,0,0,starting,0,0,0,0,0,starting,0,0,starting,0,
0.40,0,starting,0,0,0,0,starting,0,0,0,0,0,starting,0,0,starting,0,
0.60,0,starting,0,0,0,0,starting,0,0,0,0,0,starting,0,0,starting,0,
0.80,0,starting,0,0,0,0,starting,0,0,0,0,0,starting,0,0,starting,0,
1.00,0,starting,0,0,0,0,starting,0,0,0,0,0,starting,0,0,starting,0,
1.20,0,16-21:31:32,1.73179e+09,32290.2,984206,0,starting,0,0,0,0,0,starting,0,0,starting,0,
1.40,0,16-21:31:32,1.73179e+09,32290.2,984206,0,starting,0,0,0,0,0,starting,0,0,starting,0,
1.60,0,16-21:31:32,1.73179e+09,32290.2,984206,0,starting,0,0,0,0,0,starting,0,0,starting,0,
1.80,1,16-21:31:32,1.73179e+09,32290.2,984206,0,starting,0,0,0,0,0,starting,0,0,starting,0,
2.00,1,16-21:31:32,1.73179e+09,32290.2,984206,0,starting,0,0,0,0,0,16-21:31:33,0,2,Still jerking it (and by it I mean servos): ID-1, ,1,
2.20,1,16-21:31:33,1.73179e+09,32290.2,984206,0,starting,0,0,0,0,0,16-21:31:33,0,2,Still jerking it (and by it I mean servos): ID-1, ,1,
2.40,1,16-21:31:33,1.73179e+09,32290.2,984206,0,starting,0,0,0,0,0,16-21:31:33,0,2,Still jerking it (and by it I mean servos): ID-1, ,1,
2.60,1,16-21:31:33,1.73179e+09,32290.2,984206,0,starting,0,0,0,0,0,16-21:31:33,0,2,Still jerking it (and by it I mean servos): ID-1, ,1,
2.80,2,16-21:31:33,1.73179e+09,32290.2,984206,0,starting,0,0,0,0,0,16-21:31:33,0,2,Still jerking it (and by it I mean servos): ID-1, ,1,
3.00,2,16-21:31:33,1.73179e+09,32290.2,984206,0,starting,0,0,0,0,0,16-21:31:33,0,2,Still jerking it (and by it I mean servos): ID-1, ,1,
3.20,2,16-21:31:34,1.73179e+09,32290.2,984206,0,starting,0,0,0,0,0,16-21:31:33,0,2,Still jerking it (and by it I mean servos): ID-1, ,1,
3.40,2,16-21:31:34,1.73179e+09,32290.2,984206,0,starting,0,0,0,0,0,16-21:31:33,0,2,Still jerking it (and by it I mean servos): ID-1, ,1,
3.60,2,16-21:31:34,1.73179e+09,32290.2,984206,0,starting,0,0,0,0,0,16-21:31:33,0,2,Still jerking it (and by it I mean servos): ID-1, ,1,
3.80,3,16-21:31:34,1.73179e+09,32290.2,984206,0,starting,0,0,0,0,0,16-21:31:33,0,2,Still jerking it (and by it I mean servos): ID-1, ,1,
4.00,3,16-21:31:34,1.73179e+09,32290.2,984206,0,starting,0,0,0,0,0,16-21:31:35,0,4,Still jerking it (and by it I mean servos): ID-1, ,1,
4.20,3,16-21:31:35,1.73179e+09,32290.2,984206,0,starting,0,0,0,0,0,16-21:31:35,0,4,Still jerking it (and by it I mean servos): ID-1, ,1,
4.40,3,16-21:31:35,1.73179e+09,32290.2,984206,0,starting,0,0,0,0,0,16-21:31:35,0,4,Still jerking it (and by it I mean servos): ID-1, ,1,
4.60,3,16-21:31:35,1.73179e+09,32290.2,984206,0,starting,0,0,0,0,0,16-21:31:35,0,4,Still jerking it (and by it I mean servos): ID-1, ,1,
4.80,4,16-21:31:35,1.73179e+09,32290.2,984206,0,starting,0,0,0,0,0,16-21:31:35,0,4,Still jerking it (and by it I mean servos): ID-1, ,1,
5.00,4,16-21:31:35,1.73179e+09,32290.2,984206,0,starting,0,0,0,0,0,16-21:31:35,0,4,Still jerking it (and by it I mean servos): ID-1, ,1,
5.20,4,16-21:31:36,1.73179e+09,32290.2,984206,0,starting,0,0,0,0,0,16-21:31:35,0,4,Still jerking it (and by it I mean servos): ID-1, ,1,
5.40,4,16-21:31:36,1.73179e+09,32290.2,984206,0,starting,0,0,0,0,0,16-21:31:35,0,4,Still jerking it (and by it I mean servos): ID-1, ,1,
5.60,4,16-21:31:36,1.73179e+09,32290.2,984206,0,starting,0,0,0,0,0,16-21:31:35,0,4,Still jerking it (and by it I mean servos): ID-1, ,1,
5.80,5,16-21:31:36,1.73179e+09,32290.2,984206,0,starting,0,0,0,0,0,16-21:31:35,0,4,Still jerking it (and by it I mean servos): ID-1, ,1,
6.00,5,16-21:31:36,1.73179e+09,32290.2,984206,0,starting,0,0,0,0,0,16-21:31:37,0,6,Still jerking it (and by it I mean servos): ID-1, ,1,
6.20,5,16-21:31:37,1.73179e+09,32290.2,984206,0,starting,0,0,0,0,0,16-21:31:37,0,6,Still jerking it (and by it I mean servos): ID-1, ,1,
6.40,5,16-21:31:37,1.73179e+09,32290.2,984206,0,starting,0,0,0,0,0,16-21:31:37,0,6,Still jerking it (and by it I mean servos): ID-1, ,1,
6.60,5,16-21:31:37,1.73179e+09,32290.2,984206,0,starting,0,0,0,0,0,16-21:31:37,0,6,Still jerking it (and by it I mean servos): ID-1, ,1,
6.80,6,16-21:31:37,1.73179e+09,32290.2,984206,0,starting,0,0,0,0,0,16-21:31:37,0,6,Still jerking it (and by it I mean servos): ID-1, ,1,
7.00,6,16-21:31:37,1.73179e+09,32290.2,984206,0,starting,0,0,0,0,0,16-21:31:37,0,6,Still jerking it (and by it I mean servos): ID-1, ,1,
7.20,6,16-21:31:38,1.73179e+09,32290.2,984206,0,starting,0,0,0,0,0,16-21:31:37,0,6,Still jerking it (and by it I mean servos): ID-1, ,1,
7.40,6,16-21:31:38,1.73179e+09,32290.2,984206,0,starting,0,0,0,0,0,16-21:31:37,0,6,Still jerking it (and by it I mean servos): ID-1, ,1,
7.60,6,16-21:31:38,1.73179e+09,32290.2,984206,0,starting,0,0,0,0,0,16-21:31:37,0,6,Still jerking it (and by it I mean servos): ID-1, ,1,
7.80,7,16-21:31:38,1.73179e+09,32290.2,984206,0,starting,0,0,0,0,0,16-21:31:37,0,6,Still jerking it (and by it I mean servos): ID-1, ,1,
0.20,0,starting,0,0,0,0,starting,0,0,0,0,0,starting,0,0,starting,0,
0.40,0,starting,0,0,0,0,starting,0,0,0,0,0,starting,0,0,starting,0,
0.60,0,starting,0,0,0,0,starting,0,0,0,0,0,starting,0,0,starting,0,
0.80,0,starting,0,0,0,0,starting,0,0,0,0,0,starting,0,0,starting,0,
1.00,0,starting,0,0,0,0,starting,0,0,0,0,0,starting,0,0,starting,0,
1.20,0,16-21:35:48,1.73179e+09,32290.2,984206,0,starting,0,0,0,0,0,starting,0,0,starting,0,
1.40,0,16-21:35:48,1.73179e+09,32290.2,984206,0,starting,0,0,0,0,0,starting,0,0,starting,0,
1.60,0,16-21:35:48,1.73179e+09,32290.2,984206,0,starting,0,0,0,0,0,starting,0,0,starting,0,
1.80,0,16-21:35:48,1.73179e+09,32290.2,984206,0,starting,0,0,0,0,0,starting,0,0,starting,0,
2.00,1,16-21:35:48,1.73179e+09,32290.2,984206,0,starting,0,0,0,0,0,16-21:35:49,0,1,Still jerking it (and by it I mean servos): ID-1, ,1,
2.20,1,16-21:35:49,1.73179e+09,32290.2,984206,0,starting,0,0,0,0,0,16-21:35:49,0,1,Still jerking it (and by it I mean servos): ID-1, ,1,
2.40,1,16-21:35:49,1.73179e+09,32290.2,984206,0,starting,0,0,0,0,0,16-21:35:49,0,1,Still jerking it (and by it I mean servos): ID-1, ,1,
2.60,1,16-21:35:49,1.73179e+09,32290.2,984206,0,starting,0,0,0,0,0,16-21:35:49,0,1,Still jerking it (and by it I mean servos): ID-1, ,1,
2.80,1,16-21:35:49,1.73179e+09,32290.2,984206,0,starting,0,0,0,0,0,16-21:35:49,0,1,Still jerking it (and by it I mean servos): ID-1, ,1,
3.00,2,16-21:35:49,1.73179e+09,32290.2,984206,0,starting,0,0,0,0,0,16-21:35:49,0,1,Still jerking it (and by it I mean servos): ID-1, ,1,
3.20,2,16-21:35:50,1.73179e+09,32290.2,984206,0,starting,0,0,0,0,0,16-21:35:49,0,1,Still jerking it (and by it I mean servos): ID-1, ,1,
3.40,2,16-21:35:50,1.73179e+09,32290.2,984206,0,starting,0,0,0,0,0,16-21:35:49,0,1,Still jerking it (and by it I mean servos): ID-1, ,1,
3.60,2,16-21:35:50,1.73179e+09,32290.2,984206,0,starting,0,0,0,0,0,16-21:35:49,0,1,Still jerking it (and by it I mean servos): ID-1, ,1,
3.80,2,16-21:35:50,1.73179e+09,32290.2,984206,0,starting,0,0,0,0,0,16-21:35:49,0,1,Still jerking it (and by it I mean servos): ID-1, ,1,
4.00,3,16-21:35:50,1.73179e+09,32290.2,984206,0,starting,0,0,0,0,0,16-21:35:51,0,3,Still jerking it (and by it I mean servos): ID-1, ,1,
4.20,3,16-21:35:51,1.73179e+09,32290.2,984206,0,starting,0,0,0,0,0,16-21:35:51,0,3,Still jerking it (and by it I mean servos): ID-1, ,1,
4.40,3,16-21:35:51,1.73179e+09,32290.2,984206,0,starting,0,0,0,0,0,16-21:35:51,0,3,Still jerking it (and by it I mean servos): ID-1, ,1,
4.60,3,16-21:35:51,1.73179e+09,32290.2,984206,0,starting,0,0,0,0,0,16-21:35:51,0,3,Still jerking it (and by it I mean servos): ID-1, ,1,
4.80,3,16-21:35:51,1.73179e+09,32290.2,984206,0,starting,0,0,0,0,0,16-21:35:51,0,3,Still jerking it (and by it I mean servos): ID-1, ,1,
5.00,4,16-21:35:51,1.73179e+09,32290.2,984206,0,starting,0,0,0,0,0,16-21:35:51,0,3,Still jerking it (and by it I mean servos): ID-1, ,1,
5.20,4,16-21:35:52,1.73179e+09,32290.2,984206,0,starting,0,0,0,0,0,16-21:35:51,0,3,Still jerking it (and by it I mean servos): ID-1, ,1,
5.40,4,16-21:35:52,1.73179e+09,32290.2,984206,0,starting,0,0,0,0,0,16-21:35:51,0,3,Still jerking it (and by it I mean servos): ID-1, ,1,
5.60,4,16-21:35:52,1.73179e+09,32290.2,984206,0,starting,0,0,0,0,0,16-21:35:51,0,3,Still jerking it (and by it I mean servos): ID-1, ,1,
5.80,4,16-21:35:52,1.73179e+09,32290.2,984206,0,starting,0,0,0,0,0,16-21:35:51,0,3,Still jerking it (and by it I mean servos): ID-1, ,1,
6.00,5,16-21:35:52,1.73179e+09,32290.2,984206,0,starting,0,0,0,0,0,16-21:35:53,0,5,Still jerking it (and by it I mean servos): ID-1, ,1,
6.20,5,16-21:35:53,1.73179e+09,32290.2,984206,0,starting,0,0,0,0,0,16-21:35:53,0,5,Still jerking it (and by it I mean servos): ID-1, ,1,
6.40,5,16-21:35:53,1.73179e+09,32290.2,984206,0,starting,0,0,0,0,0,16-21:35:53,0,5,Still jerking it (and by it I mean servos): ID-1, ,1,
6.60,5,16-21:35:53,1.73179e+09,32290.2,984206,0,starting,0,0,0,0,0,16-21:35:53,0,5,Still jerking it (and by it I mean servos): ID-1, ,1,
6.80,5,16-21:35:53,1.73179e+09,32290.2,984206,0,starting,0,0,0,0,0,16-21:35:53,0,5,Still jerking it (and by it I mean servos): ID-1, ,1,
7.00,6,16-21:35:53,1.73179e+09,32290.2,984206,0,starting,0,0,0,0,0,16-21:35:53,0,5,Still jerking it (and by it I mean servos): ID-1, ,1,
7.20,6,16-21:35:54,1.73179e+09,32290.2,984206,0,starting,0,0,0,0,0,16-21:35:53,0,5,Still jerking it (and by it I mean servos): ID-1, ,1,
7.40,6,16-21:35:54,1.73179e+09,32290.2,984206,0,starting,0,0,0,0,0,16-21:35:53,0,5,Still jerking it (and by it I mean servos): ID-1, ,1,
7.60,6,16-21:35:54,1.73179e+09,32290.2,984206,0,starting,0,0,0,0,0,16-21:35:53,0,5,Still jerking it (and by it I mean servos): ID-1, ,1,
7.80,6,16-21:35:54,1.73179e+09,32290.2,984206,0,starting,0,0,0,0,0,16-21:35:53,0,5,Still jerking it (and by it I mean servos): ID-1, ,1,
8.00,7,16-21:35:54,1.73179e+09,32290.2,984206,0,starting,0,0,0,0,0,16-21:35:55,0,7,Still jerking it (and by it I mean servos): ID-1, ,1,
8.20,7,16-21:35:55,1.73179e+09,32290.2,984206,0,starting,0,0,0,0,0,16-21:35:55,0,7,Still jerking it (and by it I mean servos): ID-1, ,1,
8.40,7,16-21:35:55,1.73179e+09,32290.2,984206,0,starting,0,0,0,0,0,16-21:35:55,0,7,Still jerking it (and by it I mean servos): ID-1, ,1,
8.60,7,16-21:35:55,1.73179e+09,32290.2,984206,0,starting,0,0,0,0,0,16-21:35:55,0,7,Still jerking it (and by it I mean servos): ID-1, ,1,
0.20,0,starting,0,0,0,0,starting,0,0,0,0,0,starting,0,0,starting,0,
0.40,0,starting,0,0,0,0,starting,0,0,0,0,0,starting,0,0,starting,0,
0.60,0,starting,0,0,0,0,starting,0,0,0,0,0,starting,0,0,starting,0,
0.80,0,starting,0,0,0,0,starting,0,0,0,0,0,starting,0,0,starting,0,
1.00,0,starting,0,0,0,0,starting,0,0,0,0,0,starting,0,0,starting,0,
1.20,0,16-21:41:06,1.73179e+09,32290.2,984206,0,starting,0,0,0,0,0,starting,0,0,starting,0,
1.40,0,16-21:41:06,1.73179e+09,32290.2,984206,0,starting,0,0,0,0,0,starting,0,0,starting,0,
1.60,0,16-21:41:06,1.73179e+09,32290.2,984206,0,starting,0,0,0,0,0,starting,0,0,starting,0,
1.80,0,16-21:41:06,1.73179e+09,32290.2,984206,0,starting,0,0,0,0,0,starting,0,0,starting,0,
2.00,1,16-21:41:06,1.73179e+09,32290.2,984206,0,starting,0,0,0,0,0,16-21:41:06,0,2,Still jerking it (and by it I mean servos): ID-1, ,1,
2.20,1,16-21:41:07,1.73179e+09,32290.2,984206,0,starting,0,0,0,0,0,16-21:41:06,0,2,Still jerking it (and by it I mean servos): ID-1, ,1,
2.40,1,16-21:41:07,1.73179e+09,32290.2,984206,0,starting,0,0,0,0,0,16-21:41:06,0,2,Still jerking it (and by it I mean servos): ID-1, ,1,
2.60,1,16-21:41:07,1.73179e+09,32290.2,984206,0,starting,0,0,0,0,0,16-21:41:06,0,2,Still jerking it (and by it I mean servos): ID-1, ,1,
2.80,1,16-21:41:07,1.73179e+09,32290.2,984206,0,starting,0,0,0,0,0,16-21:41:06,0,2,Still jerking it (and by it I mean servos): ID-1, ,1,
3.00,2,16-21:41:07,1.73179e+09,32290.2,984206,0,starting,0,0,0,0,0,16-21:41:06,0,2,Still jerking it (and by it I mean servos): ID-1, ,1,
3.20,2,16-21:41:08,1.73179e+09,32290.2,984206,0,starting,0,0,0,0,0,16-21:41:06,0,2,Still jerking it (and by it I mean servos): ID-1, ,1,
3.40,2,16-21:41:08,1.73179e+09,32290.2,984206,0,starting,0,0,0,0,0,16-21:41:06,0,2,Still jerking it (and by it I mean servos): ID-1, ,1,
3.60,2,16-21:41:08,1.73179e+09,32290.2,984206,0,starting,0,0,0,0,0,16-21:41:06,0,2,Still jerking it (and by it I mean servos): ID-1, ,1,
3.80,2,16-21:41:08,1.73179e+09,32290.2,984206,0,starting,0,0,0,0,0,16-21:41:06,0,2,Still jerking it (and by it I mean servos): ID-1, ,1,
4.00,3,16-21:41:08,1.73179e+09,32290.2,984206,0,starting,0,0,0,0,0,16-21:41:08,0,4,Still jerking it (and by it I mean servos): ID-1, ,1,
4.20,3,16-21:41:09,1.73179e+09,32290.2,984206,0,starting,0,0,0,0,0,16-21:41:08,0,4,Still jerking it (and by it I mean servos): ID-1, ,1,
4.40,3,16-21:41:09,1.73179e+09,32290.2,984206,0,starting,0,0,0,0,0,16-21:41:08,0,4,Still jerking it (and by it I mean servos): ID-1, ,1,
4.60,3,16-21:41:09,1.73179e+09,32290.2,984206,0,starting,0,0,0,0,0,16-21:41:08,0,4,Still jerking it (and by it I mean servos): ID-1, ,1,
4.80,3,16-21:41:09,1.73179e+09,32290.2,984206,0,starting,0,0,0,0,0,16-21:41:08,0,4,Still jerking it (and by it I mean servos): ID-1, ,1,
5.00,4,16-21:41:09,1.73179e+09,32290.2,984206,0,starting,0,0,0,0,0,16-21:41:08,0,4,Still jerking it (and by it I mean servos): ID-1, ,1,
5.20,4,16-21:41:10,1.73179e+09,32290.2,984206,0,starting,0,0,0,0,0,16-21:41:08,0,4,Still jerking it (and by it I mean servos): ID-1, ,1,
5.40,4,16-21:41:10,1.73179e+09,32290.2,984206,0,starting,0,0,0,0,0,16-21:41:08,0,4,Still jerking it (and by it I mean servos): ID-1, ,1,
5.60,4,16-21:41:10,1.73179e+09,32290.2,984206,0,starting,0,0,0,0,0,16-21:41:08,0,4,Still jerking it (and by it I mean servos): ID-1, ,1,
5.80,4,16-21:41:10,1.73179e+09,32290.2,984206,0,starting,0,0,0,0,0,16-21:41:08,0,4,Still jerking it (and by it I mean servos): ID-1, ,1,
6.00,5,16-21:41:10,1.73179e+09,32290.2,984206,0,starting,0,0,0,0,0,16-21:41:10,0,6,Still jerking it (and by it I mean servos): ID-1, ,1,
6.20,5,16-21:41:11,1.73179e+09,32290.2,984206,0,starting,0,0,0,0,0,16-21:41:10,0,6,Still jerking it (and by it I mean servos): ID-1, ,1,
6.40,5,16-21:41:11,1.73179e+09,32290.2,984206,0,starting,0,0,0,0,0,16-21:41:10,0,6,Still jerking it (and by it I mean servos): ID-1, ,1,
6.60,5,16-21:41:11,1.73179e+09,32290.2,984206,0,starting,0,0,0,0,0,16-21:41:10,0,6,Still jerking it (and by it I mean servos): ID-1, ,1,
6.80,5,16-21:41:11,1.73179e+09,32290.2,984206,0,starting,0,0,0,0,0,16-21:41:10,0,6,Still jerking it (and by it I mean servos): ID-1, ,1,
7.00,6,16-21:41:11,1.73179e+09,32290.2,984206,0,starting,0,0,0,0,0,16-21:41:10,0,6,Still jerking it (and by it I mean servos): ID-1, ,1,
7.20,6,16-21:41:12,1.73179e+09,32290.2,984206,0,starting,0,0,0,0,0,16-21:41:10,0,6,Still jerking it (and by it I mean servos): ID-1, ,1,
7.40,6,16-21:41:12,1.73179e+09,32290.2,984206,0,starting,0,0,0,0,0,16-21:41:10,0,6,Still jerking it (and by it I mean servos): ID-1, ,1,
7.60,6,16-21:41:12,1.73179e+09,32290.2,984206,0,starting,0,0,0,0,0,16-21:41:10,0,6,Still jerking it (and by it I mean servos): ID-1, ,1,
7.80,6,16-21:41:12,1.73179e+09,32290.2,984206,0,starting,0,0,0,0,0,16-21:41:10,0,6,Still jerking it (and by it I mean servos): ID-1, ,1,
8.00,7,16-21:41:12,1.73179e+09,32290.2,984206,0,starting,0,0,0,0,0,16-21:41:12,0,8,Still jerking it (and by it I mean servos): ID-1, ,1,
8.20,7,16-21:41:13,1.73179e+09,32290.2,984206,0,starting,0,0,0,0,0,16-21:41:12,0,8,Still jerking it (and by it I mean servos): ID-1, ,1,
8.40,7,16-21:41:13,1.73179e+09,32290.2,984206,0,starting,0,0,0,0,0,16-21:41:12,0,8,Still jerking it (and by it I mean servos): ID-1, ,1,
8.60,7,16-21:41:13,1.73179e+09,32290.2,984206,0,starting,0,0,0,0,0,16-21:41:12,0,8,Still jerking it (and by it I mean servos): ID-1, ,1,
8.80,7,16-21:41:13,1.73179e+09,32290.2,984206,0,starting,0,0,0,0,0,16-21:41:12,0,8,Still jerking it (and by it I mean servos): ID-1, ,1,
9.00,8,16-21:41:13,1.73179e+09,32290.2,984206,0,starting,0,0,0,0,0,16-21:41:12,0,8,Still jerking it (and by it I mean servos): ID-1, ,1,
9.20,8,16-21:41:14,1.73179e+09,32290.2,984206,0,starting,0,0,0,0,0,16-21:41:12,0,8,Still jerking it (and by it I mean servos): ID-1, ,1,
9.40,8,16-21:41:14,1.73179e+09,32290.2,984206,0,starting,0,0,0,0,0,16-21:41:12,0,8,Still jerking it (and by it I mean servos): ID-1, ,1,
9.60,8,16-21:41:14,1.73179e+09,32290.2,984206,0,starting,0,0,0,0,0,16-21:41:12,0,8,Still jerking it (and by it I mean servos): ID-1, ,1,
9.80,8,16-21:41:14,1.73179e+09,32290.2,984206,0,starting,0,0,0,0,0,16-21:41:12,0,8,Still jerking it (and by it I mean servos): ID-1, ,1,
10.00,9,16-21:41:14,1.73179e+09,32290.2,984206,0,starting,0,0,0,0,0,16-21:41:14,0,10,Still jerking it (and by it I mean servos): ID-1, ,1,
10.20,9,16-21:41:15,1.73179e+09,32290.2,984206,0,starting,0,0,0,0,0,16-21:41:14,0,10,Still jerking it (and by it I mean servos): ID-1, ,1,
10.40,9,16-21:41:15,1.73179e+09,32290.2,984206,0,starting,0,0,0,0,0,16-21:41:14,0,10,Still jerking it (and by it I mean servos): ID-1, ,1,
10.60,9,16-21:41:15,1.73179e+09,32290.2,984206,0,starting,0,0,0,0,0,16-21:41:14,0,10,Still jerking it (and by it I mean servos): ID-1, ,1,
10.80,9,16-21:41:15,1.73179e+09,32290.2,984206,0,starting,0,0,0,0,0,16-21:41:14,0,10,Still jerking it (and by it I mean servos): ID-1, ,1,
11.00,10,16-21:41:15,1.73179e+09,32290.2,984206,0,16-21:41:16,1.73179e+09,11,65,11,56,16-21:41:14,0,10,Still jerking it (and by it I mean servos): ID-1, ,1,
11.20,10,16-21:41:16,1.73179e+09,32290.2,984206,0,16-21:41:16,1.73179e+09,23,21,23,11,16-21:41:14,0,10,Still jerking it (and by it I mean servos): ID-1, ,1,
11.40,10,16-21:41:16,1.73179e+09,32290.2,984206,0,16-21:41:16,1.73179e+09,41,40,41,29,16-21:41:14,0,10,Still jerking it (and by it I mean servos): ID-1, ,1,
11.60,10,16-21:41:16,1.73179e+09,32290.2,984206,0,16-21:41:16,1.73179e+09,59,55,59,48,16-21:41:14,0,10,Still jerking it (and by it I mean servos): ID-1, ,1,
11.80,10,16-21:41:16,1.73179e+09,32290.2,984206,0,16-21:41:16,1.73179e+09,77,73,77,66,16-21:41:14,0,10,Still jerking it (and by it I mean servos): ID-1, ,1,
12.00,11,16-21:41:16,1.73179e+09,32290.2,984206,0,16-21:41:17,1.73179e+09,95,92,95,87,16-21:41:14,0,10,Still jerking it (and by it I mean servos): ID-1, ,1,
12.20,11,16-21:41:17,1.73179e+09,32290.2,984206,0,16-21:41:17,1.73179e+09,106,102,106,98,16-21:41:14,0,10,Still jerking it (and by it I mean servos): ID-1, ,1,
12.40,11,16-21:41:17,1.73179e+09,32290.2,984206,0,16-21:41:17,1.73179e+09,124,120,124,117,16-21:41:14,0,10,Still jerking it (and by it I mean servos): ID-1, ,1,
12.60,11,16-21:41:17,1.73179e+09,32290.2,984206,0,16-21:41:17,1.73179e+09,142,138,142,136,16-21:41:14,0,10,Still jerking it (and by it I mean servos): ID-1, ,1,
12.80,11,16-21:41:17,1.73179e+09,32290.2,984206,0,16-21:41:17,1.73179e+09,160,155,160,154,16-21:41:14,0,10,Still jerking it (and by it I mean servos): ID-1, ,1,
13.00,12,16-21:41:17,1.73179e+09,32290.2,984206,0,16-21:41:18,1.73179e+09,178,173,178,174,16-21:41:14,0,10,Still jerking it (and by it I mean servos): ID-1, ,1,
13.20,12,16-21:41:18,1.73179e+09,32290.2,984206,0,16-21:41:18,1.73179e+09,171,176,171,177,16-21:41:14,0,10,Still jerking it (and by it I mean servos): ID-1, ,1,
13.40,12,16-21:41:18,1.73179e+09,32290.2,984206,0,16-21:41:18,1.73179e+09,153,156,153,156,16-21:41:14,0,10,Still jerking it (and by it I mean servos): ID-1, ,1,
13.60,12,16-21:41:18,1.73179e+09,32290.2,984206,0,16-21:41:18,1.73179e+09,135,139,135,137,16-21:41:14,0,10,Still jerking it (and by it I mean servos): ID-1, ,1,
13.80,12,16-21:41:18,1.73179e+09,32290.2,984206,0,16-21:41:18,1.73179e+09,117,123,117,119,16-21:41:14,0,10,Still jerking it (and by it I mean servos): ID-1, ,1,
14.00,13,16-21:41:18,1.73179e+09,32290.2,984206,0,16-21:41:19,1.73179e+09,99,105,99,100,16-21:41:14,0,10,Still jerking it (and by it I mean servos): ID-1, ,1,
14.20,13,16-21:41:19,1.73179e+09,32290.2,984206,0,16-21:41:19,1.73179e+09,88,93,88,88,16-21:41:14,0,10,Still jerking it (and by it I mean servos): ID-1, ,1,
14.40,13,16-21:41:19,1.73179e+09,32290.2,984206,0,16-21:41:19,1.73179e+09,70,75,70,68,16-21:41:14,0,10,Still jerking it (and by it I mean servos): ID-1, ,1,
14.60,13,16-21:41:19,1.73179e+09,32290.2,984206,0,16-21:41:19,1.73179e+09,52,58,52,49,16-21:41:14,0,10,Still jerking it (and by it I mean servos): ID-1, ,1,
14.80,13,16-21:41:19,1.73179e+09,32290.2,984206,0,16-21:41:19,1.73179e+09,34,39,34,31,16-21:41:14,0,10,Still jerking it (and by it I mean servos): ID-1, ,1,
15.00,14,16-21:41:19,1.73179e+09,32290.2,984206,0,16-21:41:20,1.73179e+09,16,22,16,11,16-21:41:14,0,10,Still jerking it (and by it I mean servos): ID-1, ,1,
15.20,14,16-21:41:20,1.73179e+09,32290.2,984206,0,16-21:41:20,1.73179e+09,4,11,4,255,16-21:41:14,0,10,Still jerking it (and by it I mean servos): ID-1, ,1,
15.40,14,16-21:41:20,1.73179e+09,32290.2,984206,0,16-21:41:20,1.73179e+09,13,12,13,0,16-21:41:14,0,10,Still jerking it (and by it I mean servos): ID-1, ,1,
15.60,14,16-21:41:20,1.73179e+09,32290.2,984206,0,16-21:41:20,1.73179e+09,31,30,31,20,16-21:41:14,0,10,Still jerking it (and by it I mean servos): ID-1, ,1,
15.80,14,16-21:41:20,1.73179e+09,32290.2,984206,0,16-21:41:20,1.73179e+09,49,47,49,39,16-21:41:14,0,10,Still jerking it (and by it I mean servos): ID-1, ,1,
16.00,15,16-21:41:20,1.73179e+09,32290.2,984206,0,16-21:41:21,1.73179e+09,67,64,67,57,16-21:41:14,0,10,Still jerking it (and by it I mean servos): ID-1, ,1,
16.20,15,16-21:41:21,1.73179e+09,32290.2,984206,0,16-21:41:21,1.73179e+09,78,74,78,68,16-21:41:14,0,10,Still jerking it (and by it I mean servos): ID-1, ,1,
16.40,15,16-21:41:21,1.73179e+09,32290.2,984206,0,16-21:41:21,1.73179e+09,96,93,96,87,16-21:41:14,0,10,Still jerking it (and by it I mean servos): ID-1, ,1,
16.60,15,16-21:41:21,1.73179e+09,32290.2,984206,0,16-21:41:21,1.73179e+09,114,111,114,107,16-21:41:14,0,10,Still jerking it (and by it I mean servos): ID-1, ,1,
16.80,15,16-21:41:21,1.73179e+09,32290.2,984206,0,16-21:41:21,1.73179e+09,132,129,132,126,16-21:41:14,0,10,Still jerking it (and by it I mean servos): ID-1, ,1,
17.00,16,16-21:41:21,1.73179e+09,32290.2,984206,0,16-21:41:22,1.73179e+09,150,146,150,145,16-21:41:14,0,10,Still jerking it (and by it I mean servos): ID-1, ,1,
17.20,16,16-21:41:22,1.73179e+09,32290.2,984206,0,16-21:41:22,1.73179e+09,161,156,161,157,16-21:41:14,0,10,Still jerking it (and by it I mean servos): ID-1, ,1,
17.40,16,16-21:41:22,1.73179e+09,32290.2,984206,0,16-21:41:22,1.73179e+09,179,175,179,176,16-21:41:14,0,10,Still jerking it (and by it I mean servos): ID-1, ,1,
17.60,16,16-21:41:22,1.73179e+09,32290.2,984206,0,16-21:41:22,1.73179e+09,162,166,162,166,16-21:41:14,0,10,Still jerking it (and by it I mean servos): ID-1, ,1,
17.80,16,16-21:41:22,1.73179e+09,32290.2,984206,0,16-21:41:22,1.73179e+09,144,148,144,146,16-21:41:14,0,10,Still jerking it (and by it I mean servos): ID-1, ,1,
18.00,17,16-21:41:22,1.73179e+09,32290.2,984206,0,16-21:41:23,1.73179e+09,126,131,126,129,16-21:41:14,0,10,Still jerking it (and by it I mean servos): ID-1, ,1,
18.20,17,16-21:41:23,1.73179e+09,32290.2,984206,0,16-21:41:23,1.73179e+09,116,120,116,116,16-21:41:14,0,10,Still jerking it (and by it I mean servos): ID-1, ,1,
18.40,17,16-21:41:23,1.73179e+09,32290.2,984206,0,16-21:41:23,1.73179e+09,98,100,98,98,16-21:41:14,0,10,Still jerking it (and by it I mean servos): ID-1, ,1,
18.60,17,16-21:41:23,1.73179e+09,32290.2,984206,0,16-21:41:23,1.73179e+09,80,84,80,74,16-21:41:14,0,10,Still jerking it (and by it I mean servos): ID-1, ,1,
18.80,17,16-21:41:23,1.73179e+09,32290.2,984206,0,16-21:41:23,1.73179e+09,62,66,62,60,16-21:41:14,0,10,Still jerking it (and by it I mean servos): ID-1, ,1,
19.00,18,16-21:41:23,1.73179e+09,32290.2,984206,0,16-21:41:24,1.73179e+09,44,51,44,40,16-21:41:14,0,10,Still jerking it (and by it I mean servos): ID-1, ,1,
19.20,18,16-21:41:24,1.73179e+09,32290.2,984206,0,16-21:41:24,1.73179e+09,32,38,32,28,16-21:41:14,0,10,Still jerking it (and by it I mean servos): ID-1, ,1,
19.40,18,16-21:41:24,1.73179e+09,32290.2,984206,0,16-21:41:24,1.73179e+09,14,17,14,9,16-21:41:14,0,10,Still jerking it (and by it I mean servos): ID-1, ,1,
19.60,18,16-21:41:24,1.73179e+09,32290.2,984206,0,16-21:41:24,1.73179e+09,3,9,3,255,16-21:41:14,0,10,Still jerking it (and by it I mean servos): ID-1, ,1,
19.80,18,16-21:41:24,1.73179e+09,32290.2,984206,0,16-21:41:24,1.73179e+09,21,20,21,9,16-21:41:14,0,10,Still jerking it (and by it I mean servos): ID-1, ,1,
20.00,19,16-21:41:24,1.73179e+09,32290.2,984206,0,16-21:41:25,1.73179e+09,39,38,39,28,16-21:41:14,0,10,Still jerking it (and by it I mean servos): ID-1, ,1,
20.20,19,16-21:41:25,1.73179e+09,32290.2,984206,0,16-21:41:25,1.73179e+09,50,49,50,40,16-21:41:14,0,10,Still jerking it (and by it I mean servos): ID-1, ,1,
20.40,19,16-21:41:25,1.73179e+09,32290.2,984206,0,16-21:41:25,1.73179e+09,68,66,68,58,16-21:41:14,0,10,Still jerking it (and by it I mean servos): ID-1, ,1,
20.60,19,16-21:41:25,1.73179e+09,32290.2,984206,0,16-21:41:25,1.73179e+09,86,83,86,77,16-21:41:14,0,10,Still jerking it (and by it I mean servos): ID-1, ,1,
20.80,19,16-21:41:25,1.73179e+09,32290.2,984206,0,16-21:41:25,1.73179e+09,104,101,104,97,16-21:41:14,0,10,Still jerking it (and by it I mean servos): ID-1, ,1,
21.00,20,16-21:41:25,1.73179e+09,32290.2,984206,0,16-21:41:26,1.73179e+09,122,116,122,115,16-21:41:14,0,10,Still jerking it (and by it I mean servos): ID-1, ,1,
21.20,20,16-21:41:26,1.73179e+09,32290.2,984206,0,16-21:41:26,1.73179e+09,134,131,134,128,16-21:41:14,0,10,Still jerking it (and by it I mean servos): ID-1, ,1,
21.40,20,16-21:41:26,1.73179e+09,32290.2,984206,0,16-21:41:26,1.73179e+09,152,148,152,147,16-21:41:14,0,10,Still jerking it (and by it I mean servos): ID-1, ,1,
21.60,20,16-21:41:26,1.73179e+09,32290.2,984206,0,16-21:41:26,1.73179e+09,170,166,170,165,16-21:41:14,0,10,Still jerking it (and by it I mean servos): ID-1, ,1,
21.80,20,16-21:41:26,1.73179e+09,32290.2,984206,0,16-21:41:26,1.73179e+09,171,176,171,177,16-21:41:14,0,10,Still jerking it (and by it I mean servos): ID-1, ,1,
22.00,21,16-21:41:26,1.73179e+09,32290.2,984206,0,16-21:41:27,1.73179e+09,153,157,153,156,16-21:41:14,0,10,Still jerking it (and by it I mean servos): ID-1, ,1,
22.20,21,16-21:41:27,1.73179e+09,32290.2,984206,0,16-21:41:27,1.73179e+09,143,146,143,145,16-21:41:14,0,10,Still jerking it (and by it I mean servos): ID-1, ,1,
22.40,21,16-21:41:27,1.73179e+09,32290.2,984206,0,16-21:41:27,1.73179e+09,125,129,125,126,16-21:41:14,0,10,Still jerking it (and by it I mean servos): ID-1, ,1,
22.60,21,16-21:41:27,1.73179e+09,32290.2,984206,0,16-21:41:27,1.73179e+09,107,111,107,107,16-21:41:14,0,10,Still jerking it (and by it I mean servos): ID-1, ,1,
22.80,21,16-21:41:27,1.73179e+09,32290.2,984206,0,16-21:41:27,1.73179e+09,89,93,89,86,16-21:41:14,0,10,Still jerking it (and by it I mean servos): ID-1, ,1,
23.00,22,16-21:41:27,1.73179e+09,32290.2,984206,0,16-21:41:28,1.73179e+09,71,74,71,68,16-21:41:14,0,10,Still jerking it (and by it I mean servos): ID-1, ,1,
23.20,22,16-21:41:28,1.73179e+09,32290.2,984206,0,16-21:41:28,1.73179e+09,59,64,59,56,16-21:41:14,0,10,Still jerking it (and by it I mean servos): ID-1, ,1,
23.40,22,16-21:41:28,1.73179e+09,32290.2,984206,0,16-21:41:28,1.73179e+09,41,46,41,39,16-21:41:14,0,10,Still jerking it (and by it I mean servos): ID-1, ,1,
23.60,22,16-21:41:28,1.73179e+09,32290.2,984206,0,16-21:41:28,1.73179e+09,23,29,23,19,16-21:41:14,0,10,Still jerking it (and by it I mean servos): ID-1, ,1,
23.80,22,16-21:41:28,1.73179e+09,32290.2,984206,0,16-21:41:28,1.73179e+09,5,11,5,1,16-21:41:14,0,10,Still jerking it (and by it I mean servos): ID-1, ,1,
24.00,23,16-21:41:28,1.73179e+09,32290.2,984206,0,16-21:41:29,1.73179e+09,5,9,5,253,16-21:41:14,0,10,Still jerking it (and by it I mean servos): ID-1, ,1,
24.20,23,16-21:41:29,1.73179e+09,32290.2,984206,0,16-21:41:29,1.73179e+09,90,20,90,10,16-21:41:14,0,10,Still jerking it (and by it I mean servos): ID-1, ,1,
24.40,23,16-21:41:29,1.73179e+09,32290.2,984206,0,16-21:41:29,1.73179e+09,175,105,175,101,16-21:41:14,0,10,Still jerking it (and by it I mean servos): ID-1, ,1,
24.60,23,16-21:41:29,1.73179e+09,32290.2,984206,0,16-21:41:29,1.73179e+09,90,162,90,161,16-21:41:14,0,10,Still jerking it (and by it I mean servos): ID-1, ,1,
24.80,23,16-21:41:29,1.73179e+09,32290.2,984206,0,16-21:41:29,1.73179e+09,5,76,5,69,16-21:41:14,0,10,Still jerking it (and by it I mean servos): ID-1, ,1,
25.00,24,16-21:41:29,1.73179e+09,32290.2,984206,0,16-21:41:30,1.73179e+09,5,8,5,252,16-21:41:14,0,10,Still jerking it (and by it I mean servos): ID-1, ,1,
25.20,24,16-21:41:30,1.73179e+09,32290.2,984206,0,16-21:41:30,1.73179e+09,5,8,5,252,16-21:41:14,0,10,Still jerking it (and by it I mean servos): ID-1, ,1,
25.40,24,16-21:41:30,1.73179e+09,32290.2,984206,0,16-21:41:30,1.73179e+09,90,83,90,77,16-21:41:14,0,10,Still jerking it (and by it I mean servos): ID-1, ,1,
25.60,24,16-21:41:30,1.73179e+09,32290.2,984206,0,16-21:41:30,1.73179e+09,175,173,175,169,16-21:41:14,0,10,Still jerking it (and by it I mean servos): ID-1, ,1,
25.80,24,16-21:41:30,1.73179e+09,32290.2,984206,0,16-21:41:30,1.73179e+09,90,102,90,96,16-21:41:14,0,10,Still jerking it (and by it I mean servos): ID-1, ,1,
26.00,25,16-21:41:30,1.73179e+09,32290.2,984206,0,16-21:41:31,1.73179e+09,5,35,5,25,16-21:41:14,0,10,Still jerking it (and by it I mean servos): ID-1, ,1,
26.20,25,16-21:41:31,1.73179e+09,32290.2,984206,0,16-21:41:31,1.73179e+09,5,8,5,252,16-21:41:14,0,10,Still jerking it (and by it I mean servos): ID-1, ,1,
26.40,25,16-21:41:31,1.73179e+09,32290.2,984206,0,16-21:41:31,1.73179e+09,90,39,90,30,16-21:41:14,0,10,Still jerking it (and by it I mean servos): ID-1, ,1,
26.60,25,16-21:41:31,1.73179e+09,32290.2,984206,0,16-21:41:31,1.73179e+09,175,126,175,123,16-21:41:14,0,10,Still jerking it (and by it I mean servos): ID-1, ,1,
26.80,25,16-21:41:31,1.73179e+09,32290.2,984206,0,16-21:41:31,1.73179e+09,90,144,90,142,16-21:41:14,0,10,Still jerking it (and by it I mean servos): ID-1, ,1,
27.00,26,16-21:41:31,1.73179e+09,32290.2,984206,0,16-21:41:32,1.73179e+09,5,67,5,59,16-21:41:14,0,10,Still jerking it (and by it I mean servos): ID-1, ,1,
27.20,26,16-21:41:32,1.73179e+09,32290.2,984206,0,16-21:41:32,1.73179e+09,2,8,2,252,16-21:41:14,0,10,Still jerking it (and by it I mean servos): ID-1, ,1,
27.40,26,16-21:41:32,1.73179e+09,32290.2,984206,0,16-21:41:32,1.73179e+09,20,19,20,9,16-21:41:14,0,10,Still jerking it (and by it I mean servos): ID-1, ,1,
27.60,26,16-21:41:32,1.73179e+09,32290.2,984206,0,16-21:41:32,1.73179e+09,38,38,38,27,16-21:41:14,0,10,Still jerking it (and by it I mean servos): ID-1, ,1,
27.80,26,16-21:41:32,1.73179e+09,32290.2,984206,0,16-21:41:32,1.73179e+09,56,54,56,46,16-21:41:14,0,10,Still jerking it (and by it I mean servos): ID-1, ,1,
28.00,27,16-21:41:32,1.73179e+09,32290.2,984206,0,16-21:41:33,1.73179e+09,74,72,74,64,16-21:41:14,0,10,Still jerking it (and by it I mean servos): ID-1, ,1,
28.20,27,16-21:41:33,1.73179e+09,32290.2,984206,0,16-21:41:33,1.73179e+09,85,83,85,75,16-21:41:14,0,10,Still jerking it (and by it I mean servos): ID-1, ,1,
28.40,27,16-21:41:33,1.73179e+09,32290.2,984206,0,16-21:41:33,1.73179e+09,103,101,103,99,16-21:41:14,0,10,Still jerking it (and by it I mean servos): ID-1, ,1,
28.60,27,16-21:41:33,1.73179e+09,32290.2,984206,0,16-21:41:33,1.73179e+09,121,118,121,115,16-21:41:14,0,10,Still jerking it (and by it I mean servos): ID-1, ,1,
28.80,27,16-21:41:33,1.73179e+09,32290.2,984206,0,16-21:41:33,1.73179e+09,139,136,139,134,16-21:41:14,0,10,Still jerking it (and by it I mean servos): ID-1, ,1,
29.00,28,16-21:41:33,1.73179e+09,32290.2,984206,0,16-21:41:34,1.73179e+09,157,153,157,153,16-21:41:14,0,10,Still jerking it (and by it I mean servos): ID-1, ,1,
29.20,28,16-21:41:34,1.73179e+09,32290.2,984206,0,16-21:41:34,1.73179e+09,168,164,168,163,16-21:41:14,0,10,Still jerking it (and by it I mean servos): ID-1, ,1,
29.40,28,16-21:41:34,1.73179e+09,32290.2,984206,0,16-21:41:34,1.73179e+09,173,176,173,177,16-21:41:14,0,10,Still jerking it (and by it I mean servos): ID-1, ,1,
29.60,28,16-21:41:34,1.73179e+09,32290.2,984206,0,16-21:41:34,1.73179e+09,155,159,155,160,16-21:41:14,0,10,Still jerking it (and by it I mean servos): ID-1, ,1,
29.80,28,16-21:41:34,1.73179e+09,32290.2,984206,0,16-21:41:34,1.73179e+09,137,144,137,140,16-21:41:14,0,10,Still jerking it (and by it I mean servos): ID-1, ,1,
30.00,29,16-21:41:34,1.73179e+09,32290.2,984206,0,16-21:41:35,1.73179e+09,119,125,119,121,16-21:41:14,0,10,Still jerking it (and by it I mean servos): ID-1, ,1,
30.20,29,16-21:41:35,1.73179e+09,32290.2,984206,0,16-21:41:35,1.73179e+09,108,113,108,110,16-21:41:14,0,10,Still jerking it (and by it I mean servos): ID-1, ,1,
30.40,29,16-21:41:35,1.73179e+09,32290.2,984206,0,16-21:41:35,1.73179e+09,90,95,90,90,16-21:41:14,0,10,Still jerking it (and by it I mean servos): ID-1, ,1,
30.60,29,16-21:41:35,1.73179e+09,32290.2,984206,0,16-21:41:35,1.73179e+09,72,77,72,71,16-21:41:14,0,10,Still jerking it (and by it I mean servos): ID-1, ,1,
30.80,29,16-21:41:35,1.73179e+09,32290.2,984206,0,16-21:41:35,1.73179e+09,54,60,54,53,16-21:41:14,0,10,Still jerking it (and by it I mean servos): ID-1, ,1,
31.00,30,16-21:41:35,1.73179e+09,32290.2,984206,0,16-21:41:36,1.73179e+09,36,44,36,34,16-21:41:14,0,10,Still jerking it (and by it I mean servos): ID-1, ,1,
31.20,30,16-21:41:36,1.73179e+09,32290.2,984206,0,16-21:41:36,1.73179e+09,26,31,26,22,16-21:41:14,0,10,Still jerking it (and by it I mean servos): ID-1, ,1,
31.40,30,16-21:41:36,1.73179e+09,32290.2,984206,0,16-21:41:36,1.73179e+09,8,14,8,3,16-21:41:14,0,10,Still jerking it (and by it I mean servos): ID-1, ,1,
31.60,30,16-21:41:36,1.73179e+09,32290.2,984206,0,16-21:41:36,1.73179e+09,9,10,9,255,16-21:41:14,0,10,Still jerking it (and by it I mean servos): ID-1, ,1,
31.80,30,16-21:41:36,1.73179e+09,32290.2,984206,0,16-21:41:36,1.73179e+09,27,26,27,16,16-21:41:14,0,10,Still jerking it (and by it I mean servos): ID-1, ,1,
32.00,31,16-21:41:36,1.73179e+09,32290.2,984206,0,16-21:41:37,1.73179e+09,45,45,45,35,16-21:41:14,0,10,Still jerking it (and by it I mean servos): ID-1, ,1,
32.20,31,16-21:41:37,1.73179e+09,32290.2,984206,0,16-21:41:37,1.73179e+09,56,55,56,46,16-21:41:14,0,10,Still jerking it (and by it I mean servos): ID-1, ,1,
32.40,31,16-21:41:37,1.73179e+09,32290.2,984206,0,16-21:41:37,1.73179e+09,74,71,74,64,16-21:41:14,0,10,Still jerking it (and by it I mean servos): ID-1, ,1,
32.60,31,16-21:41:37,1.73179e+09,32290.2,984206,0,16-21:41:37,1.73179e+09,92,90,92,85,16-21:41:14,0,10,Still jerking it (and by it I mean servos): ID-1, ,1,
32.80,31,16-21:41:37,1.73179e+09,32290.2,984206,0,16-21:41:37,1.73179e+09,110,108,110,104,16-21:41:14,0,10,Still jerking it (and by it I mean servos): ID-1, ,1,
33.00,32,16-21:41:37,1.73179e+09,32290.2,984206,0,16-21:41:38,1.73179e+09,128,126,128,123,16-21:41:14,0,10,Still jerking it (and by it I mean servos): ID-1, ,1,
33.20,32,16-21:41:38,1.73179e+09,32290.2,984206,0,16-21:41:38,1.73179e+09,139,136,139,133,16-21:41:14,0,10,Still jerking it (and by it I mean servos): ID-1, ,1,
33.40,32,16-21:41:38,1.73179e+09,32290.2,984206,0,16-21:41:38,1.73179e+09,157,152,157,152,16-21:41:14,0,10,Still jerking it (and by it I mean servos): ID-1, ,1,
33.60,32,16-21:41:38,1.73179e+09,32290.2,984206,0,16-21:41:38,1.73179e+09,175,171,175,172,16-21:41:14,0,10,Still jerking it (and by it I mean servos): ID-1, ,1,
33.80,32,16-21:41:38,1.73179e+09,32290.2,984206,0,16-21:41:38,1.73179e+09,166,170,166,168,16-21:41:14,0,10,Still jerking it (and by it I mean servos): ID-1, ,1,
34.00,33,16-21:41:38,1.73179e+09,32290.2,984206,0,16-21:41:39,1.73179e+09,148,153,148,152,16-21:41:14,0,10,Still jerking it (and by it I mean servos): ID-1, ,1,
34.20,33,16-21:41:39,1.73179e+09,32290.2,984206,0,16-21:41:39,1.73179e+09,137,142,137,140,16-21:41:14,0,10,Still jerking it (and by it I mean servos): ID-1, ,1,
34.40,33,16-21:41:39,1.73179e+09,32290.2,984206,0,16-21:41:39,1.73179e+09,119,125,119,121,16-21:41:14,0,10,Still jerking it (and by it I mean servos): ID-1, ,1,
34.60,33,16-21:41:39,1.73179e+09,32290.2,984206,0,16-21:41:39,1.73179e+09,101,107,101,103,16-21:41:14,0,10,Still jerking it (and by it I mean servos): ID-1, ,1,
34.80,33,16-21:41:39,1.73179e+09,32290.2,984206,0,16-21:41:39,1.73179e+09,83,88,83,83,16-21:41:14,0,10,Still jerking it (and by it I mean servos): ID-1, ,1,
35.00,34,16-21:41:39,1.73179e+09,32290.2,984206,0,16-21:41:40,1.73179e+09,65,70,65,63,16-21:41:14,0,10,Still jerking it (and by it I mean servos): ID-1, ,1,
35.20,34,16-21:41:40,1.73179e+09,32290.2,984206,0,16-21:41:40,1.73179e+09,54,58,54,52,16-21:41:14,0,10,Still jerking it (and by it I mean servos): ID-1, ,1,
35.40,34,16-21:41:40,1.73179e+09,32290.2,984206,0,16-21:41:40,1.73179e+09,36,43,36,33,16-21:41:14,0,10,Still jerking it (and by it I mean servos): ID-1, ,1,
35.60,34,16-21:41:40,1.73179e+09,32290.2,984206,0,16-21:41:40,1.73179e+09,18,26,18,15,16-21:41:14,0,10,Still jerking it (and by it I mean servos): ID-1, ,1,
35.80,34,16-21:41:40,1.73179e+09,32290.2,984206,0,16-21:41:40,1.73179e+09,0,10,0,254,16-21:41:14,0,10,Still jerking it (and by it I mean servos): ID-1, ,1,
36.00,35,16-21:41:40,1.73179e+09,32290.2,984206,0,16-21:41:41,1.73179e+09,17,17,17,4,16-21:41:14,0,10,Still jerking it (and by it I mean servos): ID-1, ,1,
36.20,35,16-21:41:41,1.73179e+09,32290.2,984206,0,16-21:41:41,1.73179e+09,27,26,27,16,16-21:41:14,0,10,Still jerking it (and by it I mean servos): ID-1, ,1,
36.40,35,16-21:41:41,1.73179e+09,32290.2,984206,0,16-21:41:41,1.73179e+09,45,44,45,36,16-21:41:14,0,10,Still jerking it (and by it I mean servos): ID-1, ,1,
36.60,35,16-21:41:41,1.73179e+09,32290.2,984206,0,16-21:41:41,1.73179e+09,63,61,63,53,16-21:41:14,0,10,Still jerking it (and by it I mean servos): ID-1, ,1,
36.80,35,16-21:41:41,1.73179e+09,32290.2,984206,0,16-21:41:41,1.73179e+09,81,78,81,72,16-21:41:14,0,10,Still jerking it (and by it I mean servos): ID-1, ,1,
37.00,36,16-21:41:41,1.73179e+09,32290.2,984206,0,16-21:41:42,1.73179e+09,99,97,99,92,16-21:41:14,0,10,Still jerking it (and by it I mean servos): ID-1, ,1,
37.20,36,16-21:41:42,1.73179e+09,32290.2,984206,0,16-21:41:42,1.73179e+09,110,105,110,104,16-21:41:14,0,10,Still jerking it (and by it I mean servos): ID-1, ,1,
37.40,36,16-21:41:42,1.73179e+09,32290.2,984206,0,16-21:41:42,1.73179e+09,128,125,128,122,16-21:41:14,0,10,Still jerking it (and by it I mean servos): ID-1, ,1,
37.60,36,16-21:41:42,1.73179e+09,32290.2,984206,0,16-21:41:42,1.73179e+09,146,140,146,144,16-21:41:14,0,10,Still jerking it (and by it I mean servos): ID-1, ,1,
37.80,36,16-21:41:42,1.73179e+09,32290.2,984206,0,16-21:41:42,1.73179e+09,164,160,164,162,16-21:41:14,0,10,Still jerking it (and by it I mean servos): ID-1, ,1,
38.00,37,16-21:41:42,1.73179e+09,32290.2,984206,0,16-21:41:43,1.73179e+09,177,176,177,177,16-21:41:14,0,10,Still jerking it (and by it I mean servos): ID-1, ,1,
38.20,37,16-21:41:43,1.73179e+09,32290.2,984206,0,16-21:41:43,1.73179e+09,166,170,166,170,16-21:41:14,0,10,Still jerking it (and by it I mean servos): ID-1, ,1,
38.40,37,16-21:41:43,1.73179e+09,32290.2,984206,0,16-21:41:43,1.73179e+09,148,153,148,151,16-21:41:14,0,10,Still jerking it (and by it I mean servos): ID-1, ,1,
38.60,37,16-21:41:43,1.73179e+09,32290.2,984206,0,16-21:41:43,1.73179e+09,130,136,130,132,16-21:41:14,0,10,Still jerking it (and by it I mean servos): ID-1, ,1,
38.80,37,16-21:41:43,1.73179e+09,32290.2,984206,0,16-21:41:43,1.73179e+09,112,117,112,114,16-21:41:14,0,10,Still jerking it (and by it I mean servos): ID-1, ,1,
39.00,38,16-21:41:43,1.73179e+09,32290.2,984206,0,16-21:41:44,1.73179e+09,94,99,94,95,16-21:41:14,0,10,Still jerking it (and by it I mean servos): ID-1, ,1,
39.20,38,16-21:41:44,1.73179e+09,32290.2,984206,0,16-21:41:44,1.73179e+09,83,86,83,83,16-21:41:14,0,10,Still jerking it (and by it I mean servos): ID-1, ,1,
39.40,38,16-21:41:44,1.73179e+09,32290.2,984206,0,16-21:41:44,1.73179e+09,65,70,65,63,16-21:41:14,0,10,Still jerking it (and by it I mean servos): ID-1, ,1,
39.60,38,16-21:41:44,1.73179e+09,32290.2,984206,0,16-21:41:44,1.73179e+09,47,53,47,45,16-21:41:14,0,10,Still jerking it (and by it I mean servos): ID-1, ,1,
39.80,38,16-21:41:44,1.73179e+09,32290.2,984206,0,16-21:41:44,1.73179e+09,29,36,29,26,16-21:41:14,0,10,Still jerking it (and by it I mean servos): ID-1, ,1,
40.00,39,16-21:41:44,1.73179e+09,32290.2,984206,0,16-21:41:45,1.73179e+09,11,19,11,7,16-21:41:14,0,10,Still jerking it (and by it I mean servos): ID-1, ,1,
40.20,39,16-21:41:45,1.73179e+09,32290.2,984206,0,16-21:41:45,1.73179e+09,0,10,0,254,16-21:41:14,0,10,Still jerking it (and by it I mean servos): ID-1, ,1,
40.40,39,16-21:41:45,1.73179e+09,32290.2,984206,0,16-21:41:45,1.73179e+09,5,10,5,254,16-21:41:14,0,10,Still jerking it (and by it I mean servos): ID-1, ,1,
40.60,39,16-21:41:45,1.73179e+09,32290.2,984206,0,16-21:41:45,1.73179e+09,90,80,90,77,16-21:41:14,0,10,Still jerking it (and by it I mean servos): ID-1, ,1,
40.80,39,16-21:41:45,1.73179e+09,32290.2,984206,0,16-21:41:45,1.73179e+09,175,166,175,167,16-21:41:14,0,10,Still jerking it (and by it I mean servos): ID-1, ,1,
41.00,40,16-21:41:45,1.73179e+09,32290.2,984206,0,16-21:41:46,1.73179e+09,90,102,90,98,16-21:41:14,0,10,Still jerking it (and by it I mean servos): ID-1, ,1,
41.20,40,16-21:41:46,1.73179e+09,32290.2,984206,0,16-21:41:46,1.73179e+09,5,91,5,86,16-21:41:14,0,10,Still jerking it (and by it I mean servos): ID-1, ,1,
41.40,40,16-21:41:46,1.73179e+09,32290.2,984206,0,16-21:41:46,1.73179e+09,5,91,5,84,16-21:41:14,0,10,Still jerking it (and by it I mean servos): ID-1, ,1,
41.60,40,16-21:41:46,1.73179e+09,32290.2,984206,0,16-21:41:46,1.73179e+09,90,54,90,47,16-21:41:14,0,10,Still jerking it (and by it I mean servos): ID-1, ,1,
41.80,40,16-21:41:46,1.73179e+09,32290.2,984206,0,16-21:41:46,1.73179e+09,175,124,175,121,16-21:41:14,0,10,Still jerking it (and by it I mean servos): ID-1, ,1,
42.00,41,16-21:41:46,1.73179e+09,32290.2,984206,0,16-21:41:47,1.73179e+09,90,143,90,141,16-21:41:14,0,10,Still jerking it (and by it I mean servos): ID-1, ,1,
42.20,41,16-21:41:47,1.73179e+09,32290.2,984206,0,16-21:41:47,1.73179e+09,5,91,5,86,16-21:41:14,0,10,Still jerking it (and by it I mean servos): ID-1, ,1,
42.40,41,16-21:41:47,1.73179e+09,32290.2,984206,0,16-21:41:47,1.73179e+09,5,89,5,84,16-21:41:14,0,10,Still jerking it (and by it I mean servos): ID-1, ,1,
42.60,41,16-21:41:47,1.73179e+09,32290.2,984206,0,16-21:41:47,1.73179e+09,90,10,90,253,16-21:41:14,0,10,Still jerking it (and by it I mean servos): ID-1, ,1,
42.80,41,16-21:41:47,1.73179e+09,32290.2,984206,0,16-21:41:47,1.73179e+09,175,90,175,86,16-21:41:14,0,10,Still jerking it (and by it I mean servos): ID-1, ,1,
43.00,42,16-21:41:47,1.73179e+09,32290.2,984206,0,16-21:41:48,1.73179e+09,90,176,90,175,16-21:41:14,0,10,Still jerking it (and by it I mean servos): ID-1, ,1,
43.20,42,16-21:41:48,1.73179e+09,32290.2,984206,0,16-21:41:48,1.73179e+09,90,92,90,86,16-21:41:14,0,10,Still jerking it (and by it I mean servos): ID-1, ,1,
43.40,42,16-21:41:48,1.73179e+09,32290.2,984206,0,16-21:41:48,1.73179e+09,5,92,5,88,16-21:41:14,0,10,Still jerking it (and by it I mean servos): ID-1, ,1,
43.60,42,16-21:41:48,1.73179e+09,32290.2,984206,0,16-21:41:48,1.73179e+09,13,13,13,2,16-21:41:14,0,10,Still jerking it (and by it I mean servos): ID-1, ,1,
43.80,42,16-21:41:48,1.73179e+09,32290.2,984206,0,16-21:41:48,1.73179e+09,31,28,31,20,16-21:41:14,0,10,Still jerking it (and by it I mean servos): ID-1, ,1,
44.00,43,16-21:41:48,1.73179e+09,32290.2,984206,0,16-21:41:49,1.73179e+09,49,47,49,38,16-21:41:14,0,10,Still jerking it (and by it I mean servos): ID-1, ,1,
44.20,43,16-21:41:49,1.73179e+09,32290.2,984206,0,16-21:41:49,1.73179e+09,60,53,60,49,16-21:41:14,0,10,Still jerking it (and by it I mean servos): ID-1, ,1,
44.40,43,16-21:41:49,1.73179e+09,32290.2,984206,0,16-21:41:49,1.73179e+09,78,74,78,67,16-21:41:14,0,10,Still jerking it (and by it I mean servos): ID-1, ,1,
44.60,43,16-21:41:49,1.73179e+09,32290.2,984206,0,16-21:41:49,1.73179e+09,96,94,96,88,16-21:41:14,0,10,Still jerking it (and by it I mean servos): ID-1, ,1,
44.80,43,16-21:41:49,1.73179e+09,32290.2,984206,0,16-21:41:49,1.73179e+09,114,112,114,107,16-21:41:14,0,10,Still jerking it (and by it I mean servos): ID-1, ,1,
45.00,44,16-21:41:49,1.73179e+09,32290.2,984206,0,16-21:41:50,1.73179e+09,132,129,132,126,16-21:41:14,0,10,Still jerking it (and by it I mean servos): ID-1, ,1,
45.20,44,16-21:41:50,1.73179e+09,32290.2,984206,0,16-21:41:50,1.73179e+09,143,139,143,137,16-21:41:14,0,10,Still jerking it (and by it I mean servos): ID-1, ,1,
45.40,44,16-21:41:50,1.73179e+09,32290.2,984206,0,16-21:41:50,1.73179e+09,161,156,161,155,16-21:41:14,0,10,Still jerking it (and by it I mean servos): ID-1, ,1,
45.60,44,16-21:41:50,1.73179e+09,32290.2,984206,0,16-21:41:50,1.73179e+09,179,174,179,175,16-21:41:14,0,10,Still jerking it (and by it I mean servos): ID-1, ,1,
45.80,44,16-21:41:50,1.73179e+09,32290.2,984206,0,16-21:41:50,1.73179e+09,162,167,162,167,16-21:41:14,0,10,Still jerking it (and by it I mean servos): ID-1, ,1,
46.00,45,16-21:41:50,1.73179e+09,32290.2,984206,0,16-21:41:51,1.73179e+09,144,149,144,147,16-21:41:14,0,10,Still jerking it (and by it I mean servos): ID-1, ,1,
46.20,45,16-21:41:51,1.73179e+09,32290.2,984206,0,16-21:41:51,1.73179e+09,133,136,133,131,16-21:41:14,0,10,Still jerking it (and by it I mean servos): ID-1, ,1,
46.40,45,16-21:41:51,1.73179e+09,32290.2,984206,0,16-21:41:51,1.73179e+09,115,119,115,114,16-21:41:14,0,10,Still jerking it (and by it I mean servos): ID-1, ,1,
46.60,45,16-21:41:51,1.73179e+09,32290.2,984206,0,16-21:41:51,1.73179e+09,97,102,97,97,16-21:41:14,0,10,Still jerking it (and by it I mean servos): ID-1, ,1,
46.80,45,16-21:41:51,1.73179e+09,32290.2,984206,0,16-21:41:51,1.73179e+09,79,84,79,77,16-21:41:14,0,10,Still jerking it (and by it I mean servos): ID-1, ,1,
47.00,46,16-21:41:51,1.73179e+09,32290.2,984206,0,16-21:41:52,1.73179e+09,61,66,61,61,16-21:41:14,0,10,Still jerking it (and by it I mean servos): ID-1, ,1,
47.20,46,16-21:41:52,1.73179e+09,32290.2,984206,0,16-21:41:52,1.73179e+09,50,56,50,48,16-21:41:14,0,10,Still jerking it (and by it I mean servos): ID-1, ,1,
47.40,46,16-21:41:52,1.73179e+09,32290.2,984206,0,16-21:41:52,1.73179e+09,32,39,32,28,16-21:41:14,0,10,Still jerking it (and by it I mean servos): ID-1, ,1,
47.60,46,16-21:41:52,1.73179e+09,32290.2,984206,0,16-21:41:52,1.73179e+09,14,19,14,10,16-21:41:14,0,10,Still jerking it (and by it I mean servos): ID-1, ,1,
47.80,46,16-21:41:52,1.73179e+09,32290.2,984206,0,16-21:41:52,1.73179e+09,3,9,3,254,16-21:41:14,0,10,Still jerking it (and by it I mean servos): ID-1, ,1,
48.00,47,16-21:41:52,1.73179e+09,32290.2,984206,0,16-21:41:53,1.73179e+09,21,21,21,10,16-21:41:14,0,10,Still jerking it (and by it I mean servos): ID-1, ,1,
48.20,47,16-21:41:53,1.73179e+09,32290.2,984206,0,16-21:41:53,1.73179e+09,32,28,32,20,16-21:41:14,0,10,Still jerking it (and by it I mean servos): ID-1, ,1,
48.40,47,16-21:41:53,1.73179e+09,32290.2,984206,0,16-21:41:53,1.73179e+09,50,49,50,39,16-21:41:14,0,10,Still jerking it (and by it I mean servos): ID-1, ,1,
48.60,47,16-21:41:53,1.73179e+09,32290.2,984206,0,16-21:41:53,1.73179e+09,68,63,68,58,16-21:41:14,0,10,Still jerking it (and by it I mean servos): ID-1, ,1,
48.80,47,16-21:41:53,1.73179e+09,32290.2,984206,0,16-21:41:53,1.73179e+09,86,82,86,77,16-21:41:14,0,10,Still jerking it (and by it I mean servos): ID-1, ,1,
49.00,48,16-21:41:53,1.73179e+09,32290.2,984206,0,16-21:41:54,1.73179e+09,104,99,104,97,16-21:41:14,0,10,Still jerking it (and by it I mean servos): ID-1, ,1,
49.20,48,16-21:41:54,1.73179e+09,32290.2,984206,0,16-21:41:54,1.73179e+09,115,111,115,108,16-21:41:14,0,10,Still jerking it (and by it I mean servos): ID-1, ,1,
49.40,48,16-21:41:54,1.73179e+09,32290.2,984206,0,16-21:41:54,1.73179e+09,133,129,133,126,16-21:41:14,0,10,Still jerking it (and by it I mean servos): ID-1, ,1,
49.60,48,16-21:41:54,1.73179e+09,32290.2,984206,0,16-21:41:54,1.73179e+09,151,146,151,145,16-21:41:14,0,10,Still jerking it (and by it I mean servos): ID-1, ,1,
49.80,48,16-21:41:54,1.73179e+09,32290.2,984206,0,16-21:41:54,1.73179e+09,169,164,169,164,16-21:41:14,0,10,Still jerking it (and by it I mean servos): ID-1, ,1,
50.00,49,16-21:41:54,1.73179e+09,32290.2,984206,0,16-21:41:55,1.73179e+09,172,176,172,177,16-21:41:14,0,10,Still jerking it (and by it I mean servos): ID-1, ,1,
50.20,49,16-21:41:55,1.73179e+09,32290.2,984206,0,16-21:41:55,1.73179e+09,162,166,162,165,16-21:41:14,0,10,Still jerking it (and by it I mean servos): ID-1, ,1,
50.40,49,16-21:41:55,1.73179e+09,32290.2,984206,0,16-21:41:55,1.73179e+09,144,148,144,146,16-21:41:14,0,10,Still jerking it (and by it I mean servos): ID-1, ,1,
50.60,49,16-21:41:55,1.73179e+09,32290.2,984206,0,16-21:41:55,1.73179e+09,126,126,126,128,16-21:41:14,0,10,Still jerking it (and by it I mean servos): ID-1, ,1,
50.80,49,16-21:41:55,1.73179e+09,32290.2,984206,0,16-21:41:55,1.73179e+09,108,113,108,109,16-21:41:14,0,10,Still jerking it (and by it I mean servos): ID-1, ,1,
51.00,50,16-21:41:55,1.73179e+09,32290.2,984206,0,16-21:41:56,1.73179e+09,90,95,90,89,16-21:41:14,0,10,Still jerking it (and by it I mean servos): ID-1, ,1,
51.20,50,16-21:41:56,1.73179e+09,32290.2,984206,0,16-21:41:56,1.73179e+09,78,83,78,77,16-21:41:14,0,10,Still jerking it (and by it I mean servos): ID-1, ,1,
51.40,50,16-21:41:56,1.73179e+09,32290.2,984206,0,16-21:41:56,1.73179e+09,60,65,60,57,16-21:41:14,0,10,Still jerking it (and by it I mean servos): ID-1, ,1,
51.60,50,16-21:41:56,1.73179e+09,32290.2,984206,0,16-21:41:56,1.73179e+09,42,49,42,39,16-21:41:14,0,10,Still jerking it (and by it I mean servos): ID-1, ,1,
51.80,50,16-21:41:56,1.73179e+09,32290.2,984206,0,16-21:41:56,1.73179e+09,24,30,24,20,16-21:41:14,0,10,Still jerking it (and by it I mean servos): ID-1, ,1,
52.00,51,16-21:41:56,1.73179e+09,32290.2,984206,0,16-21:41:57,1.73179e+09,6,11,6,1,16-21:41:14,0,10,Still jerking it (and by it I mean servos): ID-1, ,1,
52.20,51,16-21:41:57,1.73179e+09,32290.2,984206,0,16-21:41:57,1.73179e+09,5,10,5,253,16-21:41:14,0,10,Still jerking it (and by it I mean servos): ID-1, ,1,
52.40,51,16-21:41:57,1.73179e+09,32290.2,984206,0,16-21:41:57,1.73179e+09,23,21,23,10,16-21:41:14,0,10,Still jerking it (and by it I mean servos): ID-1, ,1,
52.60,51,16-21:41:57,1.73179e+09,32290.2,984206,0,16-21:41:57,1.73179e+09,41,39,41,30,16-21:41:14,0,10,Still jerking it (and by it I mean servos): ID-1, ,1,
52.80,51,16-21:41:57,1.73179e+09,32290.2,984206,0,16-21:41:57,1.73179e+09,59,56,59,48,16-21:41:14,0,10,Still jerking it (and by it I mean servos): ID-1, ,1,
53.00,52,16-21:41:57,1.73179e+09,32290.2,984206,0,16-21:41:58,1.73179e+09,77,72,77,67,16-21:41:14,0,10,Still jerking it (and by it I mean servos): ID-1, ,1,
53.20,52,16-21:41:58,1.73179e+09,32290.2,984206,0,16-21:41:58,1.73179e+09,89,86,89,78,16-21:41:14,0,10,Still jerking it (and by it I mean servos): ID-1, ,1,
53.40,52,16-21:41:58,1.73179e+09,32290.2,984206,0,16-21:41:58,1.73179e+09,107,104,107,99,16-21:41:14,0,10,Still jerking it (and by it I mean servos): ID-1, ,1,
53.60,52,16-21:41:58,1.73179e+09,32290.2,984206,0,16-21:41:58,1.73179e+09,125,121,125,118,16-21:41:14,0,10,Still jerking it (and by it I mean servos): ID-1, ,1,
53.80,52,16-21:41:58,1.73179e+09,32290.2,984206,0,16-21:41:58,1.73179e+09,143,138,143,137,16-21:41:14,0,10,Still jerking it (and by it I mean servos): ID-1, ,1,
54.00,53,16-21:41:58,1.73179e+09,32290.2,984206,0,16-21:41:59,1.73179e+09,161,156,161,156,16-21:41:14,0,10,Still jerking it (and by it I mean servos): ID-1, ,1,
54.20,53,16-21:41:59,1.73179e+09,32290.2,984206,0,16-21:41:59,1.73179e+09,172,168,172,168,16-21:41:14,0,10,Still jerking it (and by it I mean servos): ID-1, ,1,
54.40,53,16-21:41:59,1.73179e+09,32290.2,984206,0,16-21:41:59,1.73179e+09,169,174,169,173,16-21:41:14,0,10,Still jerking it (and by it I mean servos): ID-1, ,1,
54.60,53,16-21:41:59,1.73179e+09,32290.2,984206,0,16-21:41:59,1.73179e+09,151,155,151,154,16-21:41:14,0,10,Still jerking it (and by it I mean servos): ID-1, ,1,
54.80,53,16-21:41:59,1.73179e+09,32290.2,984206,0,16-21:41:59,1.73179e+09,133,138,133,135,16-21:41:14,0,10,Still jerking it (and by it I mean servos): ID-1, ,1,
55.00,54,16-21:41:59,1.73179e+09,32290.2,984206,0,16-21:42:00,1.73179e+09,115,120,115,116,16-21:41:14,0,10,Still jerking it (and by it I mean servos): ID-1, ,1,
55.20,54,16-21:42:00,1.73179e+09,32290.2,984206,0,16-21:42:00,1.73179e+09,104,108,104,107,16-21:41:14,0,10,Still jerking it (and by it I mean servos): ID-1, ,1,
55.40,54,16-21:42:00,1.73179e+09,32290.2,984206,0,16-21:42:00,1.73179e+09,86,92,86,86,16-21:41:14,0,10,Still jerking it (and by it I mean servos): ID-1, ,1,
55.60,54,16-21:42:00,1.73179e+09,32290.2,984206,0,16-21:42:00,1.73179e+09,68,73,68,67,16-21:41:14,0,10,Still jerking it (and by it I mean servos): ID-1, ,1,
55.80,54,16-21:42:00,1.73179e+09,32290.2,984206,0,16-21:42:00,1.73179e+09,50,56,50,47,16-21:41:14,0,10,Still jerking it (and by it I mean servos): ID-1, ,1,
56.00,55,16-21:42:00,1.73179e+09,32290.2,984206,0,16-21:42:01,1.73179e+09,32,38,32,29,16-21:41:14,0,10,Still jerking it (and by it I mean servos): ID-1, ,1,
56.20,55,16-21:42:01,1.73179e+09,32290.2,984206,0,16-21:42:01,1.73179e+09,21,29,21,19,16-21:41:14,0,10,Still jerking it (and by it I mean servos): ID-1, ,1,
56.40,55,16-21:42:01,1.73179e+09,32290.2,984206,0,16-21:42:01,1.73179e+09,3,10,3,0,16-21:41:14,0,10,Still jerking it (and by it I mean servos): ID-1, ,1,
56.60,55,16-21:42:01,1.73179e+09,32290.2,984206,0,16-21:42:01,1.73179e+09,5,9,5,254,16-21:41:14,0,10,Still jerking it (and by it I mean servos): ID-1, ,1,
56.80,55,16-21:42:01,1.73179e+09,32290.2,984206,0,16-21:42:01,1.73179e+09,90,68,90,62,16-21:41:14,0,10,Still jerking it (and by it I mean servos): ID-1, ,1,
57.00,56,16-21:42:01,1.73179e+09,32290.2,984206,0,16-21:42:02,1.73179e+09,175,155,175,154,16-21:41:14,0,10,Still jerking it (and by it I mean servos): ID-1, ,1,
57.20,56,16-21:42:02,1.73179e+09,32290.2,984206,0,16-21:42:02,1.73179e+09,90,156,90,154,16-21:41:14,0,10,Still jerking it (and by it I mean servos): ID-1, ,1,
57.40,56,16-21:42:02,1.73179e+09,32290.2,984206,0,16-21:42:02,1.73179e+09,5,92,5,86,16-21:41:14,0,10,Still jerking it (and by it I mean servos): ID-1, ,1,
57.60,56,16-21:42:02,1.73179e+09,32290.2,984206,0,16-21:42:02,1.73179e+09,5,92,5,86,16-21:41:14,0,10,Still jerking it (and by it I mean servos): ID-1, ,1,
57.80,56,16-21:42:02,1.73179e+09,32290.2,984206,0,16-21:42:02,1.73179e+09,90,92,90,86,16-21:41:14,0,10,Still jerking it (and by it I mean servos): ID-1, ,1,
58.00,57,16-21:42:02,1.73179e+09,32290.2,984206,0,16-21:42:03,1.73179e+09,175,110,175,107,16-21:41:14,0,10,Still jerking it (and by it I mean servos): ID-1, ,1,
58.20,57,16-21:42:03,1.73179e+09,32290.2,984206,0,16-21:42:03,1.73179e+09,175,175,175,175,16-21:41:14,0,10,Still jerking it (and by it I mean servos): ID-1, ,1,
58.40,57,16-21:42:03,1.73179e+09,32290.2,984206,0,16-21:42:03,1.73179e+09,90,96,90,91,16-21:41:14,0,10,Still jerking it (and by it I mean servos): ID-1, ,1,
58.60,57,16-21:42:03,1.73179e+09,32290.2,984206,0,16-21:42:03,1.73179e+09,5,91,5,86,16-21:41:14,0,10,Still jerking it (and by it I mean servos): ID-1, ,1,
58.80,57,16-21:42:03,1.73179e+09,32290.2,984206,0,16-21:42:03,1.73179e+09,5,91,5,86,16-21:41:14,0,10,Still jerking it (and by it I mean servos): ID-1, ,1,
59.00,58,16-21:42:03,1.73179e+09,32290.2,984206,0,16-21:42:04,1.73179e+09,90,91,90,86,16-21:41:14,0,10,Still jerking it (and by it I mean servos): ID-1, ,1,
59.20,58,16-21:42:04,1.73179e+09,32290.2,984206,0,16-21:42:04,1.73179e+09,175,172,175,172,16-21:41:14,0,10,Still jerking it (and by it I mean servos): ID-1, ,1,
59.40,58,16-21:42:04,1.73179e+09,32290.2,984206,0,16-21:42:04,1.73179e+09,90,136,90,133,16-21:41:14,0,10,Still jerking it (and by it I mean servos): ID-1, ,1,
59.60,58,16-21:42:04,1.73179e+09,32290.2,984206,0,16-21:42:04,1.73179e+09,5,91,5,86,16-21:41:14,0,10,Still jerking it (and by it I mean servos): ID-1, ,1,
59.80,58,16-21:42:04,1.73179e+09,32290.2,984206,0,16-21:42:04,1.73179e+09,10,21,10,9,16-21:41:14,0,10,Still jerking it (and by it I mean servos): ID-1, ,1,
60.00,59,16-21:42:04,1.73179e+09,32290.2,984206,0,16-21:42:05,1.73179e+09,28,27,28,20,16-21:41:14,0,10,Still jerking it (and by it I mean servos): ID-1, ,1,
60.20,59,16-21:42:05,1.73179e+09,32290.2,984206,0,16-21:42:05,1.73179e+09,39,38,39,26,16-21:41:14,0,10,Still jerking it (and by it I mean servos): ID-1, ,1,
60.40,59,16-21:42:05,1.73179e+09,32290.2,984206,0,16-21:42:05,1.73179e+09,57,57,57,45,16-21:41:14,0,10,Still jerking it (and by it I mean servos): ID-1, ,1,
60.60,59,16-21:42:05,1.73179e+09,32290.2,984206,0,16-21:42:05,1.73179e+09,75,72,75,65,16-21:41:14,0,10,Still jerking it (and by it I mean servos): ID-1, ,1,
60.80,59,16-21:42:05,1.73179e+09,32290.2,984206,0,16-21:42:05,1.73179e+09,93,90,93,83,16-21:41:14,0,10,Still jerking it (and by it I mean servos): ID-1, ,1,
61.00,60,16-21:42:05,1.73179e+09,32290.2,984206,0,16-21:42:06,1.73179e+09,111,108,111,104,16-21:41:14,0,10,Still jerking it (and by it I mean servos): ID-1, ,1,
61.20,60,16-21:42:06,1.73179e+09,32290.2,984206,0,16-21:42:06,1.73179e+09,122,118,122,116,16-21:41:14,0,10,Still jerking it (and by it I mean servos): ID-1, ,1,
61.40,60,16-21:42:06,1.73179e+09,32290.2,984206,0,16-21:42:06,1.73179e+09,140,136,140,134,16-21:41:14,0,10,Still jerking it (and by it I mean servos): ID-1, ,1,
61.60,60,16-21:42:06,1.73179e+09,32290.2,984206,0,16-21:42:06,1.73179e+09,158,153,158,152,16-21:41:14,0,10,Still jerking it (and by it I mean servos): ID-1, ,1,
61.80,60,16-21:42:06,1.73179e+09,32290.2,984206,0,16-21:42:06,1.73179e+09,176,171,176,172,16-21:41:14,0,10,Still jerking it (and by it I mean servos): ID-1, ,1,
62.00,61,16-21:42:06,1.73179e+09,32290.2,984206,0,16-21:42:07,1.73179e+09,165,170,165,169,16-21:41:14,0,10,Still jerking it (and by it I mean servos): ID-1, ,1,
62.20,61,16-21:42:07,1.73179e+09,32290.2,984206,0,16-21:42:07,1.73179e+09,154,159,154,158,16-21:41:14,0,10,Still jerking it (and by it I mean servos): ID-1, ,1,
62.40,61,16-21:42:07,1.73179e+09,32290.2,984206,0,16-21:42:07,1.73179e+09,136,141,136,140,16-21:41:14,0,10,Still jerking it (and by it I mean servos): ID-1, ,1,
62.60,61,16-21:42:07,1.73179e+09,32290.2,984206,0,16-21:42:07,1.73179e+09,118,124,118,121,16-21:41:14,0,10,Still jerking it (and by it I mean servos): ID-1, ,1,
62.80,61,16-21:42:07,1.73179e+09,32290.2,984206,0,16-21:42:07,1.73179e+09,100,107,100,102,16-21:41:14,0,10,Still jerking it (and by it I mean servos): ID-1, ,1,
63.00,62,16-21:42:07,1.73179e+09,32290.2,984206,0,16-21:42:08,1.73179e+09,82,88,82,83,16-21:41:14,0,10,Still jerking it (and by it I mean servos): ID-1, ,1,
63.20,62,16-21:42:08,1.73179e+09,32290.2,984206,0,16-21:42:08,1.73179e+09,71,76,71,73,16-21:41:14,0,10,Still jerking it (and by it I mean servos): ID-1, ,1,
63.40,62,16-21:42:08,1.73179e+09,32290.2,984206,0,16-21:42:08,1.73179e+09,53,59,53,51,16-21:41:14,0,10,Still jerking it (and by it I mean servos): ID-1, ,1,
63.60,62,16-21:42:08,1.73179e+09,32290.2,984206,0,16-21:42:08,1.73179e+09,35,42,35,34,16-21:41:14,0,10,Still jerking it (and by it I mean servos): ID-1, ,1,
63.80,62,16-21:42:08,1.73179e+09,32290.2,984206,0,16-21:42:08,1.73179e+09,18,25,18,14,16-21:41:14,0,10,Still jerking it (and by it I mean servos): ID-1, ,1,
64.00,63,16-21:42:08,1.73179e+09,32290.2,984206,0,16-21:42:09,1.73179e+09,0,9,0,254,16-21:41:14,0,10,Still jerking it (and by it I mean servos): ID-1, ,1,
64.20,63,16-21:42:09,1.73179e+09,32290.2,984206,0,16-21:42:09,1.73179e+09,10,10,10,254,16-21:41:14,0,10,Still jerking it (and by it I mean servos): ID-1, ,1,
64.40,63,16-21:42:09,1.73179e+09,32290.2,984206,0,16-21:42:09,1.73179e+09,28,26,28,17,16-21:41:14,0,10,Still jerking it (and by it I mean servos): ID-1, ,1,
64.60,63,16-21:42:09,1.73179e+09,32290.2,984206,0,16-21:42:09,1.73179e+09,46,44,46,35,16-21:41:14,0,10,Still jerking it (and by it I mean servos): ID-1, ,1,
64.80,63,16-21:42:09,1.73179e+09,32290.2,984206,0,16-21:42:09,1.73179e+09,64,61,64,54,16-21:41:14,0,10,Still jerking it (and by it I mean servos): ID-1, ,1,
65.00,64,16-21:42:09,1.73179e+09,32290.2,984206,0,16-21:42:10,1.73179e+09,82,78,82,73,16-21:41:14,0,10,Still jerking it (and by it I mean servos): ID-1, ,1,
65.20,64,16-21:42:10,1.73179e+09,32290.2,984206,0,16-21:42:10,1.73179e+09,93,89,93,84,16-21:41:14,0,10,Still jerking it (and by it I mean servos): ID-1, ,1,
65.40,64,16-21:42:10,1.73179e+09,32290.2,984206,0,16-21:42:10,1.73179e+09,111,107,111,103,16-21:41:14,0,10,Still jerking it (and by it I mean servos): ID-1, ,1,
65.60,64,16-21:42:10,1.73179e+09,32290.2,984206,0,16-21:42:10,1.73179e+09,129,125,129,123,16-21:41:14,0,10,Still jerking it (and by it I mean servos): ID-1, ,1,
65.80,64,16-21:42:10,1.73179e+09,32290.2,984206,0,16-21:42:10,1.73179e+09,147,138,147,143,16-21:41:14,0,10,Still jerking it (and by it I mean servos): ID-1, ,1,
66.00,65,16-21:42:10,1.73179e+09,32290.2,984206,0,16-21:42:11,1.73179e+09,165,162,165,160,16-21:41:14,0,10,Still jerking it (and by it I mean servos): ID-1, ,1,
66.20,65,16-21:42:11,1.73179e+09,32290.2,984206,0,16-21:42:11,1.73179e+09,177,172,177,173,16-21:41:14,0,10,Still jerking it (and by it I mean servos): ID-1, ,1,
66.40,65,16-21:42:11,1.73179e+09,32290.2,984206,0,16-21:42:11,1.73179e+09,164,169,164,169,16-21:41:14,0,10,Still jerking it (and by it I mean servos): ID-1, ,1,
66.60,65,16-21:42:11,1.73179e+09,32290.2,984206,0,16-21:42:11,1.73179e+09,146,151,146,150,16-21:41:14,0,10,Still jerking it (and by it I mean servos): ID-1, ,1,
66.80,65,16-21:42:11,1.73179e+09,32290.2,984206,0,16-21:42:11,1.73179e+09,128,134,128,131,16-21:41:14,0,10,Still jerking it (and by it I mean servos): ID-1, ,1,
67.00,66,16-21:42:11,1.73179e+09,32290.2,984206,0,16-21:42:12,1.73179e+09,110,114,110,112,16-21:41:14,0,10,Still jerking it (and by it I mean servos): ID-1, ,1,
67.20,66,16-21:42:12,1.73179e+09,32290.2,984206,0,16-21:42:12,1.73179e+09,99,105,99,101,16-21:41:14,0,10,Still jerking it (and by it I mean servos): ID-1, ,1,
67.40,66,16-21:42:12,1.73179e+09,32290.2,984206,0,16-21:42:12,1.73179e+09,81,86,81,81,16-21:41:14,0,10,Still jerking it (and by it I mean servos): ID-1, ,1,
67.60,66,16-21:42:12,1.73179e+09,32290.2,984206,0,16-21:42:12,1.73179e+09,63,71,63,62,16-21:41:14,0,10,Still jerking it (and by it I mean servos): ID-1, ,1,
67.80,66,16-21:42:12,1.73179e+09,32290.2,984206,0,16-21:42:12,1.73179e+09,45,51,45,43,16-21:41:14,0,10,Still jerking it (and by it I mean servos): ID-1, ,1,
68.00,67,16-21:42:12,1.73179e+09,32290.2,984206,0,16-21:42:13,1.73179e+09,27,33,27,25,16-21:41:14,0,10,Still jerking it (and by it I mean servos): ID-1, ,1,
68.20,67,16-21:42:13,1.73179e+09,32290.2,984206,0,16-21:42:13,1.73179e+09,16,22,16,12,16-21:41:14,0,10,Still jerking it (and by it I mean servos): ID-1, ,1,
68.40,67,16-21:42:13,1.73179e+09,32290.2,984206,0,16-21:42:13,1.73179e+09,1,9,1,254,16-21:41:14,0,10,Still jerking it (and by it I mean servos): ID-1, ,1,
68.60,67,16-21:42:13,1.73179e+09,32290.2,984206,0,16-21:42:13,1.73179e+09,19,16,19,6,16-21:41:14,0,10,Still jerking it (and by it I mean servos): ID-1, ,1,
68.80,67,16-21:42:13,1.73179e+09,32290.2,984206,0,16-21:42:13,1.73179e+09,37,34,37,24,16-21:41:14,0,10,Still jerking it (and by it I mean servos): ID-1, ,1,
69.00,68,16-21:42:13,1.73179e+09,32290.2,984206,0,16-21:42:14,1.73179e+09,55,54,55,44,16-21:41:14,0,10,Still jerking it (and by it I mean servos): ID-1, ,1,
69.20,68,16-21:42:14,1.73179e+09,32290.2,984206,0,16-21:42:14,1.73179e+09,66,62,66,55,16-21:41:14,0,10,Still jerking it (and by it I mean servos): ID-1, ,1,
69.40,68,16-21:42:14,1.73179e+09,32290.2,984206,0,16-21:42:14,1.73179e+09,84,80,84,74,16-21:41:14,0,10,Still jerking it (and by it I mean servos): ID-1, ,1,
0.20,0,starting,0,0,0,0,starting,0,0,0,0,0,starting,0,0,starting,0,
0.40,0,starting,0,0,0,0,starting,0,0,0,0,0,starting,0,0,starting,0,
0.60,0,starting,0,0,0,0,starting,0,0,0,0,0,starting,0,0,starting,0,
0.80,0,starting,0,0,0,0,starting,0,0,0,0,0,starting,0,0,starting,0,
1.00,0,starting,0,0,0,0,starting,0,0,0,0,0,starting,0,0,starting,0,
1.20,0,16-21:47:09,1.73179e+09,32290.2,984206,0,starting,0,0,0,0,0,starting,0,0,starting,0,
1.40,0,16-21:47:09,1.73179e+09,32290.2,984206,0,starting,0,0,0,0,0,starting,0,0,starting,0,
1.60,0,16-21:47:09,1.73179e+09,32290.2,984206,0,starting,0,0,0,0,0,starting,0,0,starting,0,
1.80,1,16-21:47:09,1.73179e+09,32290.2,984206,0,starting,0,0,0,0,0,starting,0,0,starting,0,
2.00,1,16-21:47:09,1.73179e+09,32290.2,984206,0,starting,0,0,0,0,0,16-21:47:10,0,1,Still jerking it (and by it I mean servos): ID-1, ,1,
2.20,1,16-21:47:10,1.73179e+09,32290.2,984206,0,starting,0,0,0,0,0,16-21:47:10,0,1,Still jerking it (and by it I mean servos): ID-1, ,1,
2.40,1,16-21:47:10,1.73179e+09,32290.2,984206,0,starting,0,0,0,0,0,16-21:47:10,0,1,Still jerking it (and by it I mean servos): ID-1, ,1,
2.60,1,16-21:47:10,1.73179e+09,32290.2,984206,0,starting,0,0,0,0,0,16-21:47:10,0,1,Still jerking it (and by it I mean servos): ID-1, ,1,
2.80,2,16-21:47:10,1.73179e+09,32290.2,984206,0,starting,0,0,0,0,0,16-21:47:10,0,1,Still jerking it (and by it I mean servos): ID-1, ,1,
3.00,2,16-21:47:10,1.73179e+09,32290.2,984206,0,starting,0,0,0,0,0,16-21:47:10,0,1,Still jerking it (and by it I mean servos): ID-1, ,1,
3.20,2,16-21:47:11,1.73179e+09,32290.2,984206,0,starting,0,0,0,0,0,16-21:47:10,0,1,Still jerking it (and by it I mean servos): ID-1, ,1,
3.40,2,16-21:47:11,1.73179e+09,32290.2,984206,0,starting,0,0,0,0,0,16-21:47:10,0,1,Still jerking it (and by it I mean servos): ID-1, ,1,
3.60,2,16-21:47:11,1.73179e+09,32290.2,984206,0,starting,0,0,0,0,0,16-21:47:10,0,1,Still jerking it (and by it I mean servos): ID-1, ,1,
3.80,3,16-21:47:11,1.73179e+09,32290.2,984206,0,starting,0,0,0,0,0,16-21:47:10,0,1,Still jerking it (and by it I mean servos): ID-1, ,1,
4.00,3,16-21:47:11,1.73179e+09,32290.2,984206,0,starting,0,0,0,0,0,16-21:47:12,0,3,Still jerking it (and by it I mean servos): ID-1, ,1,
4.20,3,16-21:47:12,1.73179e+09,32290.2,984206,0,starting,0,0,0,0,0,16-21:47:12,0,3,Still jerking it (and by it I mean servos): ID-1, ,1,
4.40,3,16-21:47:12,1.73179e+09,32290.2,984206,0,starting,0,0,0,0,0,16-21:47:12,0,3,Still jerking it (and by it I mean servos): ID-1, ,1,
4.60,3,16-21:47:12,1.73179e+09,32290.2,984206,0,starting,0,0,0,0,0,16-21:47:12,0,3,Still jerking it (and by it I mean servos): ID-1, ,1,
4.80,4,16-21:47:12,1.73179e+09,32290.2,984206,0,starting,0,0,0,0,0,16-21:47:12,0,3,Still jerking it (and by it I mean servos): ID-1, ,1,
5.00,4,16-21:47:12,1.73179e+09,32290.2,984206,0,starting,0,0,0,0,0,16-21:47:12,0,3,Still jerking it (and by it I mean servos): ID-1, ,1,
5.20,4,16-21:47:13,1.73179e+09,32290.2,984206,0,starting,0,0,0,0,0,16-21:47:12,0,3,Still jerking it (and by it I mean servos): ID-1, ,1,
5.40,4,16-21:47:13,1.73179e+09,32290.2,984206,0,starting,0,0,0,0,0,16-21:47:12,0,3,Still jerking it (and by it I mean servos): ID-1, ,1,
5.60,4,16-21:47:13,1.73179e+09,32290.2,984206,0,starting,0,0,0,0,0,16-21:47:12,0,3,Still jerking it (and by it I mean servos): ID-1, ,1,
5.80,5,16-21:47:13,1.73179e+09,32290.2,984206,0,starting,0,0,0,0,0,16-21:47:12,0,3,Still jerking it (and by it I mean servos): ID-1, ,1,
6.00,5,16-21:47:13,1.73179e+09,32290.2,984206,0,starting,0,0,0,0,0,16-21:47:14,0,5,Still jerking it (and by it I mean servos): ID-1, ,1,
6.20,5,16-21:47:14,1.73179e+09,32290.2,984206,0,starting,0,0,0,0,0,16-21:47:14,0,5,Still jerking it (and by it I mean servos): ID-1, ,1,
6.40,5,16-21:47:14,1.73179e+09,32290.2,984206,0,starting,0,0,0,0,0,16-21:47:14,0,5,Still jerking it (and by it I mean servos): ID-1, ,1,
6.60,5,16-21:47:14,1.73179e+09,32290.2,984206,0,starting,0,0,0,0,0,16-21:47:14,0,5,Still jerking it (and by it I mean servos): ID-1, ,1,
6.80,6,16-21:47:14,1.73179e+09,32290.2,984206,0,starting,0,0,0,0,0,16-21:47:14,0,5,Still jerking it (and by it I mean servos): ID-1, ,1,
7.00,6,16-21:47:14,1.73179e+09,32290.2,984206,0,starting,0,0,0,0,0,16-21:47:14,0,5,Still jerking it (and by it I mean servos): ID-1, ,1,
7.20,6,16-21:47:15,1.73179e+09,32290.2,984206,0,starting,0,0,0,0,0,16-21:47:14,0,5,Still jerking it (and by it I mean servos): ID-1, ,1,
7.40,6,16-21:47:15,1.73179e+09,32290.2,984206,0,starting,0,0,0,0,0,16-21:47:14,0,5,Still jerking it (and by it I mean servos): ID-1, ,1,
7.60,6,16-21:47:15,1.73179e+09,32290.2,984206,0,starting,0,0,0,0,0,16-21:47:14,0,5,Still jerking it (and by it I mean servos): ID-1, ,1,
7.80,7,16-21:47:15,1.73179e+09,32290.2,984206,0,starting,0,0,0,0,0,16-21:47:14,0,5,Still jerking it (and by it I mean servos): ID-1, ,1,
8.00,7,16-21:47:15,1.73179e+09,32290.2,984206,0,starting,0,0,0,0,0,16-21:47:16,0,7,Still jerking it (and by it I mean servos): ID-1, ,1,
8.20,7,16-21:47:16,1.73179e+09,32290.2,984206,0,starting,0,0,0,0,0,16-21:47:16,0,7,Still jerking it (and by it I mean servos): ID-1, ,1,
8.40,7,16-21:47:16,1.73179e+09,32290.2,984206,0,starting,0,0,0,0,0,16-21:47:16,0,7,Still jerking it (and by it I mean servos): ID-1, ,1,
8.60,7,16-21:47:16,1.73179e+09,32290.2,984206,0,starting,0,0,0,0,0,16-21:47:16,0,7,Still jerking it (and by it I mean servos): ID-1, ,1,
8.80,8,16-21:47:16,1.73179e+09,32290.2,984206,0,starting,0,0,0,0,0,16-21:47:16,0,7,Still jerking it (and by it I mean servos): ID-1, ,1,
9.00,8,16-21:47:16,1.73179e+09,32290.2,984206,0,starting,0,0,0,0,0,16-21:47:16,0,7,Still jerking it (and by it I mean servos): ID-1, ,1,
9.20,8,16-21:47:17,1.73179e+09,32290.2,984206,0,starting,0,0,0,0,0,16-21:47:16,0,7,Still jerking it (and by it I mean servos): ID-1, ,1,
9.40,8,16-21:47:17,1.73179e+09,32290.2,984206,0,starting,0,0,0,0,0,16-21:47:16,0,7,Still jerking it (and by it I mean servos): ID-1, ,1,
9.60,8,16-21:47:17,1.73179e+09,32290.2,984206,0,starting,0,0,0,0,0,16-21:47:16,0,7,Still jerking it (and by it I mean servos): ID-1, ,1,
9.80,9,16-21:47:17,1.73179e+09,32290.2,984206,0,starting,0,0,0,0,0,16-21:47:16,0,7,Still jerking it (and by it I mean servos): ID-1, ,1,
10.00,9,16-21:47:17,1.73179e+09,32290.2,984206,0,starting,0,0,0,0,0,16-21:47:18,0,9,Still jerking it (and by it I mean servos): ID-1, ,1,
10.20,9,16-21:47:18,1.73179e+09,32290.2,984206,0,starting,0,0,0,0,0,16-21:47:18,0,9,Still jerking it (and by it I mean servos): ID-1, ,1,
10.40,9,16-21:47:18,1.73179e+09,32290.2,984206,0,starting,0,0,0,0,0,16-21:47:18,0,9,Still jerking it (and by it I mean servos): ID-1, ,1,
10.60,9,16-21:47:18,1.73179e+09,32290.2,984206,0,starting,0,0,0,0,0,16-21:47:18,0,9,Still jerking it (and by it I mean servos): ID-1, ,1,
10.80,10,16-21:47:18,1.73179e+09,32290.2,984206,0,starting,0,0,0,0,0,16-21:47:18,0,9,Still jerking it (and by it I mean servos): ID-1, ,1,
